Max,Min,WL,Mean,RMS,Var,WAMP,SSC,Log,MaxF,MinF,WLF,MeanF,RMSF,VarF,WAMPF,SSCF,LogF,class
268,2,1206,159.16,30660.96,5382.883,0,28,9.67508,3500.2678,5.000008,18518.268,208.47389,183972.58,141930.53,3,83,9.944984,1
305,4,1447,175.81,35846.73,4987.4473,0,33,9.774574,4104.858,6.0000095,20208.107,234.8761,233154.8,179785.92,1,84,10.064228,1
287,6,1405,168.87,32689.55,4214.6177,0,35,9.7343,3913.935,6.2889915,20448.479,233.19771,221312.45,168617.47,3,83,10.057056,1
270,5,1288,155.06,27606.4,3598.7842,0,25,9.648982,3213.881,5.660076,19057.742,211.86249,158433.81,114695.06,3,87,9.961107,1
364,1,1469,206.62,50778.2,8168.0557,0,25,9.936051,8146.0757,9.000017,31166.42,322.4676,818097.94,721325.8,1,81,10.381173,1
302,5,1445,182.01,39203.11,6136.84,0,26,9.809232,4709.45,7.9555674,23950.861,256.7829,318502.7,255116.4,3,82,10.153401,1
288,3,1404,198.24,44254.76,5005.719,0,37,9.894649,6141.3765,7.509641,27980.678,302.94324,511463.7,423928.3,3,88,10.318716,1
267,5,1534,183.91,37831.11,4048.709,0,36,9.819616,6014.0947,7.138028,26236.52,285.65054,474061.25,396429.28,1,82,10.259939,1
319,5,1460,186.57,40475.57,5724.4507,0,33,9.833977,5568.606,8.640826,25159.693,272.92264,411798.25,340718.62,1,84,10.214358,1
276,12,1283,146.25,26743.79,5408.8154,0,29,9.5904875,4804.9116,6.697753,20934.629,227.9071,305529.5,256149.33,1,76,10.034108,1
251,1,1308,160.89,29324.09,3473.2297,0,33,9.685891,3341.164,6.347083,18166.637,211.00441,161807.62,118469.46,1,86,9.957049,1
313,2,1576,196.89,44784.91,6080.038,0,34,9.887815,5600.427,8.552994,25190.621,275.36136,404437.9,331933.4,1,87,10.223254,1
271,4,1463,172.69,33303.41,3516.7412,0,34,9.756668,4359.423,5.907159,22786.613,250.22766,270641.44,210128.84,3,85,10.127542,1
228,2,1397,151.97,25442.11,2370.9377,0,34,9.628853,4613.988,4.779611,20772.834,229.88481,279188.97,228628.27,1,80,10.042748,1
276,5,1564,197.07,42855.75,4059.7607,0,40,9.888729,6714.149,7.578271,28894.39,314.7589,604903.75,510939.97,3,83,10.356977,1
360,2,1714,225.96,56659.24,5657.8984,0,32,10.025528,7255.098,9.61492,32872.977,347.26114,699997.75,585260.06,3,87,10.455247,1
281,1,1501,199.65,43166.77,3340.0493,0,36,9.901736,5409.5044,7.2896914,27459.502,299.04578,422363.7,336298.3,3,83,10.305767,1
288,9,1617,207.17,46261.05,3375.3958,0,44,9.93871,5918.635,6.1899686,29350.094,322.82874,493972.2,393690.78,3,85,10.382292,1
334,1,1469,191.4,44360.66,7804.75,0,24,9.859535,5791.3506,4.000005,25012.559,272.76547,450768.97,380169.62,3,80,10.213782,1
248,2,1287,146.68,24342.1,2855.6328,0,27,9.593424,4995.836,5.817333,21379.287,230.08351,336261.4,286184.84,3,79,10.0436125,1
287,1,1297,175.05,35014.89,4416.5522,0,30,9.770242,2863.8547,7.3581667,19261.697,220.67627,138676.77,90887.61,3,85,10.001867,1
375,1,1415,182.66,39023.76,5716.2456,0,21,9.812797,3691.1907,8.515139,21965.537,240.30623,210344.4,154138.7,3,83,10.087084,1
210,9,1033,136.93,21364.11,2640.6921,0,30,9.52464,5218.5786,4.9960046,20721.12,224.72166,342823.8,295276.72,1,79,10.020033,1
256,1,1192,155.79,29207.27,4986.612,0,24,9.653679,6014.0947,6.0000095,22263.793,240.5329,451829.97,397953.4,3,80,10.088027,1
212,10,1098,139.78,21595.34,2077.6687,0,33,9.54524,5027.6567,5.4044266,22300.746,239.4289,340785.2,286322.3,3,81,10.083426,1
214,7,1168,145.98,24164.82,2883.4949,0,26,9.58864,5250.3994,4.744581,22305.55,237.19789,361950.1,308775,3,77,10.074065,1
226,6,1350,142.98,23130.28,2714.1414,0,34,9.567875,4773.0903,5.974529,20564.29,221.04778,295609.44,249239.7,1,80,10.003549,1
261,4,1138,149.59,26796.61,4464.0845,0,29,9.613069,4200.3193,6.3833084,20454.416,217.60925,244145.05,198779.03,2,79,9.987871,1
271,1,1373,164.06,31649.04,4781.168,0,28,9.705402,4645.8086,6.792089,21601.59,232.45074,291887.4,240256.62,3,82,10.053848,1
274,12,1709,180.56,36295.6,3730.996,0,34,9.801233,3022.9575,5.750076,20930.34,249.0985,173430.44,112505.414,3,91,10.123018,1
277,2,1141,162.77,31867.31,5427.5127,0,30,9.697509,4454.8843,2.0000024,20683.66,223.72937,268632.5,220785.52,3,83,10.015608,1
221,1,1246,144.76,23754.78,2827.5981,0,34,9.580247,2386.5452,5.907159,17152.703,189.40244,101630.65,66421.59,3,91,9.849044,1
291,13,1237,153.51,27851.95,4329.93,0,25,9.638936,3627.549,4.8388543,18340.396,218.25285,187671.66,141451.84,1,82,9.990825,1
244,14,1252,160.74,28511.42,2701.0828,0,32,9.684958,5345.8623,6.729234,23269.973,255.91313,367333.2,304890.6,1,81,10.150008,1
286,6,1305,163.27,30927.45,4313.4917,0,26,9.700576,6873.2505,5.970041,23345.883,257.8869,554019.6,492438.38,1,83,10.157691,1
286,3,1273,180.32,38060.54,5601.2515,0,24,9.799903,5282.22,8.081362,24123.799,261.0841,384899.38,319933.8,3,84,10.170012,1
295,2,1364,172.58,33509.7,3763.4792,0,31,9.756031,5154.939,6.037449,22661.338,254.01138,343926.56,282227.03,1,87,10.1425495,1
265,1,1514,177.66,34755.08,3224.247,0,33,9.785042,4550.347,6.127117,23113.418,260.68683,303378.47,237798.78,3,87,10.16849,1
332,4,1591,177.98,37789.06,6173.9194,0,29,9.786841,2895.6753,6.849791,17066.443,215.93811,129449.76,83657.04,1,88,9.980162,1
335,5,1297,199.08,48840.38,9300.538,0,25,9.898877,6682.328,7.892642,28321.162,305.79446,581760.9,493182.47,1,79,10.328083,1
339,3,1345,192.32,43125.02,6200.037,0,16,9.864331,4900.374,8.735,24078.61,266.61398,342931,274593.9,3,83,10.190972,1
284,1,1381,196.42,42896.9,4359.6816,0,32,9.885426,5282.22,2.0000024,23853.637,276.5445,372558.47,299072.38,1,85,10.227542,1
297,1,1372,190.39,39539.63,3324.5227,0,30,9.854245,4932.196,6.409928,24580.594,275.73203,334309.2,260889.95,1,86,10.2246,1
353,4,1474,196.16,44085.64,5663.531,0,28,9.884101,5218.5786,8.207143,24344.379,276.59265,364442.8,290847.75,2,84,10.227716,1
272,3,1329,158.59,29460.47,4353.213,0,31,9.671493,6364.1216,5.0273848,23125.8,256.79538,503750.62,442229.06,3,80,10.15345,1
322,2,1541,198.83,44199.41,4713.173,0,35,9.89762,4995.836,7.578271,25699.639,282.54642,348211.1,271089.5,3,85,10.249013,1
318,2,1352,182.43,38074.87,4842.5913,0,27,9.811537,4073.0378,6.6926594,22326.004,249.52002,239578.05,179108.89,1,88,10.124709,1
246,2,1188,134.24,20454.22,2458.4265,0,30,9.5048,4518.527,3.9935033,18445.936,205.4693,261722.28,221721.88,3,79,9.930467,1
264,1,1264,138.7,22866.18,3665.1409,0,21,9.537483,4423.065,5.373032,18446.502,199.93532,255170.38,217369.94,3,78,9.903164,1
257,2,1294,156.99,28308.65,3699.788,0,36,9.661352,4900.374,5.3415904,19817.557,228.31844,306085.94,256521.81,1,81,10.035912,1
263,3,1277,153.04,26075.34,2680.9077,0,36,9.63587,4136.6787,5.0902324,19474.055,221.01382,232871.52,185883.23,1,86,10.003395,1
251,1,1099,144.46,24404,3571.018,0,25,9.578173,3850.2935,5.219887,17679.957,198.66785,197910.22,160041.72,2,79,9.896805,1
227,1,1214,151.44,25131.22,2219.3408,0,36,9.62536,4359.423,5.624369,20792.066,223.54309,252543.52,204618.19,1,82,10.014774,1
236,1,1354,133.31,19658.31,1905.8124,0,34,9.497848,3468.4468,4.7481914,18431.695,195.55887,172638.6,135752.88,3,82,9.881032,1
210,1,1263,121.08,16788.22,2149.3474,0,37,9.401622,3436.6252,5.314197,16934.4,178.3438,160483.92,129977.2,3,81,9.788883,1
234,1,1324,141.25,22978.81,3057.8257,0,35,9.555701,5186.758,6.6662936,20250.363,215.89732,333191.72,289474.8,1,80,9.979973,1
234,7,1447,153.39,25516.23,2007.8158,0,47,9.638154,4518.527,5.5300894,21018.027,235.00812,273410.2,220385.23,1,82,10.064791,1
167,3,880,96.06,11210.38,2002.8851,0,28,9.170143,4295.782,2.7671392,15429.936,164.68254,223084.31,197943.44,1,68,9.709189,1
138,3,922,87.49,8670.43,1026.1919,0,29,9.0766945,2704.7522,2.7022133,11586.957,131.25867,91103.04,74620.4,1,78,9.48234,1
170,1,841,100.12,12345.78,2345.218,0,30,9.211539,3372.9844,4.5560594,15212.444,156.76651,158657.2,135435.81,3,71,9.659927,1
187,1,1020,116.8,15717.7,2096.4255,0,35,9.365633,4041.2168,4.9331074,17838.154,188.01114,219576.6,186089.31,3,79,9.841671,1
168,2,965,101.64,12253.58,1942.3129,0,34,9.226607,3723.0112,4.053312,14565.163,155.43121,170652.77,147973.64,1,74,9.651374,1
144,2,1025,87.62,8983.34,1319.2687,0,39,9.078179,2450.187,3.5532796,12313.506,130.86955,84396.86,67949.51,3,76,9.479371,1
175,10,1032,111.86,14224.9,1729.536,0,32,9.322418,3372.9844,4.3708296,14967.853,167.90306,148050.55,121069.8,1,77,9.728557,1
109,14,845,65.05,4619.89,392.31046,0,35,8.780327,1813.7745,2.7336428,9725.09,107.87506,53470.42,42255.95,3,75,9.286144,1
226,1,1167,130.44,19925.44,2940.2498,0,31,9.476084,3882.1138,6.347083,18398.139,191.62749,205698.92,170684.69,3,82,9.8607235,1
264,2,1092,159.06,29199.4,3938.7034,0,25,9.674452,5091.297,6.9179296,22075.367,237.05215,335645.53,282274.53,3,81,10.07345,1
258,1,1206,151.85,27351.43,4336.3735,0,25,9.628063,4613.988,7.16399,20063.125,214.82755,267612.53,223698.67,1,82,9.975006,1
240,8,1056,137.02,21733.58,2988.9895,0,24,9.525297,2927.496,5.4399586,17042.986,189.63336,130688.05,95684.07,1,82,9.850263,1
193,5,1057,128.61,18702.51,2183.8164,0,29,9.461955,5154.939,5.310213,20411.96,215.01965,334185.38,290860.56,1,77,9.9759,1
236,16,1340,130.03,19302.51,2418.8982,0,41,9.472936,3500.2678,4.2135973,17641.584,200.97867,178963.14,139970.4,1,79,9.908369,1
177,1,1051,116.9,15277.7,1628.3727,0,31,9.366489,3118.4202,4.3393936,15677.22,170.99164,137544.61,109400.48,3,81,9.746785,1
190,5,1021,119.5,16610.38,2353.6667,0,30,9.388487,4104.858,5.1569214,17416.21,187.55713,222856.52,189574.58,3,78,9.839253,1
176,2,1175,117.43,14971.49,1193.6217,0,38,9.371013,3723.0112,3.8019931,16534.96,179.43416,176737.4,146000.8,1,80,9.794978,1
168,2,1057,110.22,13694.42,1561.5874,0,31,9.307649,3022.9575,4.000005,14195.758,159.94043,126977.89,102421.17,3,78,9.679972,1
158,1,1098,99.97,11677.01,1700.0096,0,29,9.21004,3277.5225,4.000005,14757.953,154.41455,150996.42,128436.94,3,76,9.644811,1
196,1,1119,120.46,16096.98,1602.3922,0,35,9.396488,3182.0608,4.68527,15862.338,174.78098,139764.8,110319.59,3,82,9.768703,1
212,9,1273,129.67,18893.35,2100.0413,0,38,9.470163,5345.8623,4.1790323,21158.973,223.77364,360168.3,313225.97,1,78,10.015805,1
185,4,1094,126.93,17169.65,1069.1165,0,26,9.448806,4391.244,4.1822014,19196.871,205.55621,245083.2,204878.61,1,82,9.93089,1
260,1,1391,168.99,31338.15,2808.6162,0,38,9.73501,6236.8403,6.3156586,23993.488,263.7656,471099.2,405582.72,1,81,10.180231,1
226,8,1273,148.43,24136.15,2125.9448,0,33,9.605284,5314.0415,6.00142,22463.465,241.07108,356411.53,301309.3,1,80,10.090262,1
230,14,1192,137.84,21898.52,2927.9336,0,28,9.531263,4359.423,4.304691,21317.088,229.09625,280408.25,230225.42,3,80,10.039312,1
200,2,1043,134.35,19589.39,1555.0168,1,31,9.505618,3786.6516,4.6189,18926.158,204.95428,202278.81,161891.47,3,80,9.927958,1
198,1,1162,118.61,15925.99,1876.4222,0,33,9.381011,4677.6294,4.9682765,18200.258,191.4642,271128.75,236838.58,1,76,9.859871,1
184,9,1182,124.85,17240.41,1669.5834,0,39,9.432283,4932.196,4.842533,18195.316,203.80353,293462.88,254471.72,1,74,9.922327,1
179,9,1030,120.58,15874.54,1348.4885,0,30,9.397484,2895.6753,3.581995,15374.96,177.20175,120668.68,90169.93,1,85,9.782459,1
184,4,1213,120.15,15597.95,1173.6633,0,32,9.393911,3404.8052,4.1192546,18284.062,191.75662,177025.1,141671.23,3,82,9.861397,1
216,3,1193,141.47,21622.17,1624.6559,0,39,9.557258,3563.9077,5.6915393,21612.666,219.04692,198940.48,152483.78,4,83,9.994456,1
274,12,1260,154.23,26210.05,2447.6333,0,33,9.643615,2736.572,6.005967,20914.145,228.6743,152769.02,101491.97,4,88,10.037469,1
259,9,1259,134.31,21418.87,3413.8342,0,30,9.505321,1781.9539,6.8235817,14957.746,167.83002,66070.61,38286.547,3,85,9.728122,1
184,8,1043,99.56,11078.16,1177.7438,0,27,9.205931,3404.8052,4.5246234,14272.863,156.56969,144142.2,120836.49,1,75,9.658671,1
200,10,1276,104.35,12188.03,1312.2294,0,40,9.252921,2863.8547,4.1192546,15249.671,168.35991,122931.87,95542.22,1,80,9.731275,1
243,4,1142,145.33,23218.13,2118.5054,0,26,9.584177,7064.1753,5.062645,23005.484,250.95038,566785.8,508898.78,1,78,10.130425,1
228,2,1257,134.43,20281.93,2232.8335,0,30,9.506214,3404.8052,4.053312,18372.088,205.53096,168713.31,127747.82,1,84,9.930767,1
174,9,1013,97.82,10422.3,862.16925,0,31,9.188299,2100.1597,3.3331468,12748.111,147.5623,72709.59,51449.465,3,83,9.599421,1
199,2,948,104.71,12673.53,1726.6122,0,20,9.256365,1972.8779,2.3898056,14050.101,154.59369,72300.28,48889.965,1,83,9.64597,1
171,10,1185,115.74,14426.34,1041.0023,0,32,9.356517,2832.034,3.5191803,16699.793,186.60516,130621.18,96767.35,3,81,9.834166,1
161,1,1105,101.95,11350.35,966.2098,0,28,9.229652,2863.8547,3.0187244,13476.975,153.56737,112072.48,89383.375,1,80,9.63931,1
144,4,1161,100.74,10762.18,619.8306,0,36,9.217713,4168.5,4.276497,17180.059,177.5307,222005.14,192412.08,3,74,9.784314,1
128,9,833,82.4,7212.24,426.74762,0,32,9.016756,2163.8013,2.830038,12311.457,134.26834,75018.82,57566.496,3,74,9.505011,1
38,1,225,15.2,302.6,72.28282,1,10,7.3264656,408,0.47167417,1915.9894,26.089277,3807.2842,3158.2166,1,47,7.8666945,2
18,1,112,8.4,90.88,20.525255,0,1,6.733402,255,0.15722494,1452.8016,16.982092,1634.361,1359.5657,5,25,7.43733,2
23,1,170,12.8,179.36,15.676765,1,10,7.1546154,477.30914,0.28300425,2132.0376,22.244102,3057.7236,2588.8118,3,37,7.7072473,2
22,1,167,9.69,127.71,34.155437,1,11,6.8762646,765,0.2515591,2142.4172,26.146711,8921.538,8321.101,2,14,7.8688936,2
34,1,210,12.24,184.28,34.81051,1,6,7.1098795,445.48846,0.21994877,2032.095,22.562672,2820.1733,2334.4438,3,29,7.721467,2
24,1,192,13.53,204.49,21.64556,1,11,7.2100797,222.74423,0.40847537,1784.4265,19.587593,1094.7462,718.2549,3,60,7.5800667,2
25,1,199,11.49,156.85,25.080702,1,12,7.046647,636.4121,0.2515591,2167.6755,23.145475,4819.399,4326.9556,1,24,7.7469697,2
20,1,154,8.07,79.33,14.348591,3,7,6.6933236,159.10303,0.37734056,1201.9917,12.685397,533.64136,376.4868,5,37,7.145622,2
43,2,249,19.34,455.56,82.34787,0,8,7.5673456,413.6679,0.5031182,2466.0837,30.420435,3748.926,2852.0435,4,50,8.020285,2
20,1,147,10.06,114.56,13.491311,1,6,6.9137373,413.6679,0.4402282,1570.4491,17.035898,2088.6812,1816.6254,1,31,7.440493,2
20,2,147,9.46,108.96,19.66505,1,14,6.8522425,255,0.3458924,1501.6794,17.684277,1509.0442,1208.394,4,40,7.477846,2
23,1,206,13.19,193.35,19.569609,1,11,7.184629,413.6679,0.4402282,2137.6091,22.131977,2475.4358,2005.668,3,40,7.7021937,2
19,1,168,9.57,106.21,14.772824,3,12,6.8638034,350.02667,0.15710577,1432.8224,17.038311,1605.0077,1327.9836,1,27,7.4406347,2
19,1,155,9.6,109.24,17.252523,1,12,6.8669333,357,0.3458924,1453.3231,17.473354,2009.9799,1721.8807,3,31,7.4658475,2
19,2,164,9.89,116.57,18.947369,1,12,6.896694,254.56487,0.15710577,1388.1163,15.8750305,1086.5842,842.9973,2,50,7.369918,2
20,1,214,11.18,142.82,18.007677,6,17,7.0192966,159.10303,0.37734056,1316.1062,15.793027,607.2551,361.44974,3,47,7.364739,2
28,1,232,12.59,191.47,33.29485,2,15,7.138073,350.02667,0.5345621,1768.8776,18.858824,1637.8096,1295.1052,1,45,7.542151,2
25,3,209,12.14,166.16,18.970102,1,10,7.101676,445.48846,0.3456306,2036.9497,22.644922,3033.8894,2546.5625,2,36,7.725106,2
29,1,212,15.18,277.4,47.442024,2,11,7.325149,445.48846,0.5655779,2419.067,25.413359,3229.699,2609.9597,3,40,7.840445,2
39,3,230,18.83,379.71,25.39505,0,13,7.5406218,413.6679,0.5660085,2883.0244,31.874748,3522.8665,2532.1887,4,64,8.066984,2
35,1,254,20.43,476.45,59.661728,0,14,7.6221747,318.20605,1.0997467,2429.4294,27.281336,1997.654,1266.0432,3,68,7.911373,2
44,3,340,27.13,803.89,68.53848,0,14,7.9058104,763.69464,0.91189826,3789.507,43.143623,8355.318,6559.5415,1,55,8.369705,2
32,3,232,17.1,331.78,39.767685,1,11,7.4442487,350.02667,0.62889975,2141.1357,25.986889,2332.644,1674.0659,3,60,7.8627625,2
29,1,155,10.28,148.16,42.910706,1,5,6.9353704,102,0.15722494,1077.212,14.020578,438.94824,244.81976,5,53,7.2456965,2
26,1,227,14.23,233.97,31.795042,2,18,7.2605224,381.84732,0.5660085,1985.1099,21.21921,2129.3289,1696.0343,3,50,7.660077,2
21,1,173,11.33,140.97,12.728385,1,8,7.0326242,318.20605,0.31444988,1792.9225,19.103296,1568.8939,1216.1191,1,45,7.5550313,2
24,1,218,14.6,235.2,22.262629,2,15,7.286192,413.6679,0.43989754,2000.9922,22.69508,2328.8672,1832.1222,1,53,7.7273183,2
25,1,181,10.98,152.14,31.89858,1,8,7.0012455,477.30914,0.5655779,1729.6512,18.763103,2827.5334,2500.4844,1,28,7.5370626,2
42,1,330,22.26,576.6,81.911476,0,18,7.7079616,700.05334,0.6917848,3220.891,36.045135,6879.639,5636.755,3,55,8.189942,2
31,2,237,15.96,313.2,59.069096,1,14,7.3752556,413.6679,0.62889975,2352.0881,26.818743,3883.3538,3196.0688,3,50,7.8942714,2
43,1,260,21.35,548.01,93.11867,0,8,7.666222,477.30914,0.91121143,2803.0342,30.740257,3648.1619,2730.5032,3,62,8.030744,2
29,1,197,15.92,289.84,36.76122,0,8,7.3727465,763.69464,0.43989754,2579.9663,28.310493,6909.8125,6170.03,1,24,7.948403,2
28,1,254,16.37,307.15,39.56881,3,12,7.4006205,350.02667,0.5660085,2186.572,23.693365,1975.7455,1428.6566,3,57,7.770365,2
38,1,291,19.26,427.62,57.244827,1,14,7.5632005,445.48846,0.84837556,2562.5273,27.700762,3114.7698,2371.149,3,54,7.92663,2
28,1,226,13.24,200.82,25.780203,1,11,7.1884127,222.74423,0.47167417,1718.6565,19.036938,1046.3378,690.84125,5,57,7.5515513,2
38,8,331,20.1,453.42,49.90908,2,25,7.60589,668.2328,0.5027375,4186.5137,44.787926,11149.72,9236.122,4,48,8.407108,2
33,1,242,17.32,366.54,67.22988,3,9,7.457032,350.02667,0.66034055,2175.8184,25.40721,2689.873,2064.9958,5,56,7.8402033,2
26,2,229,15.73,285.67,38.623337,2,18,7.3607397,509.12973,0.5970065,2296.859,25.265373,3609.894,3001.5703,1,42,7.834605,2
24,1,192,12.65,192.03,32.330814,2,6,7.1428275,350.02667,0.3770535,1802.205,19.704596,1798.8605,1424.8379,1,48,7.586022,2
21,1,126,7.8,74.08,13.373732,1,4,6.659294,286.3855,0.4087863,1175.6364,12.666599,1023.1971,871.46906,1,32,7.144139,2
26,1,187,13.62,209.8,24.541027,2,9,7.2167096,350.02667,0.5345621,2032.5675,23.367744,2813.03,2289.8762,5,50,7.756527,2
31,1,247,14.23,238.87,36.744545,1,9,7.2605224,254.56487,0.6284231,2271.1274,22.41783,1793.1697,1303.6471,6,55,7.715027,2
19,1,212,12.07,162.01,16.49,7,23,7.0958934,413.6679,0.47131532,1944.8846,21.043041,2600.7795,2179.7676,3,32,7.65174,2
12,1,115,5.47,33.25,3.3627255,6,11,6.3044486,95.46153,0.21994877,864.5944,9.075629,261.10803,180.54646,7,40,6.810763,2
38,1,233,14.85,271.33,51.320713,1,8,7.30317,859.1563,0.40847537,3026.471,31.262695,9975.723,9089.258,3,20,8.047596,2
30,1,228,17.4,353.3,51.050495,1,14,7.4616404,222.74423,0.6284231,2088.427,24.098877,1513.859,942.5284,8,65,7.7873354,2
25,1,221,13.44,209.26,28.915567,2,14,7.2034054,445.48846,0.40847537,2046.7269,21.799936,2863.5266,2412.4136,3,35,7.687077,2
19,1,191,9.05,101.27,19.563126,5,16,6.8079348,190.92366,0.31444988,1194.274,14.879403,983.67737,769.9808,4,38,7.305148,2
37,1,302,16.93,353.17,67.21726,1,16,7.4342575,413.6679,0.6912612,2191.3477,23.856884,2424.6545,1874.2458,1,50,7.777243,2
15,1,125,7.21,60.17,8.268585,1,7,6.5806394,254.56487,0.18852675,1183.7507,12.864782,897.7319,739.6256,1,23,7.1596637,2
27,2,196,12.37,174.29,21.487984,1,8,7.1204443,408,0.43989754,2178.0122,25.511076,4315.7314,3701.9353,5,42,7.844283,2
29,1,226,13.47,211.09,29.948593,0,9,7.205635,222.74423,0.5970065,1713.8599,19.14003,1022.1872,662.471,3,53,7.556952,2
15,1,131,5.98,42.46,6.7672734,3,6,6.393591,95.46153,0.18867028,1029.9727,9.950591,326.97235,230.26071,11,40,6.902802,2
19,1,149,8.24,86.16,18.446869,1,13,6.7141705,222.74423,0.3770535,1254.9645,13.19418,826.8812,659.3887,4,39,7.184946,2
23,1,217,13.02,186.02,16.666265,6,13,7.1716566,350.02667,0.43989754,1998.6274,21.079063,1855.6985,1425.6276,1,50,7.6534505,2
22,1,221,13.88,217.76,25.359188,3,17,7.235619,381.84732,0.5655779,1935.4546,21.514807,2193.214,1747.8053,3,42,7.6739116,2
39,1,259,18.44,418.26,79.01657,0,13,7.5196924,222.74423,0.3770535,2039.6176,24.367315,1297.4689,710.8109,4,68,7.798413,2
26,2,242,15.06,253.2,26.663029,2,16,7.3172126,381.84732,0.5027375,2176.205,24.194914,2409.481,1842.5118,2,47,7.7913127,2
32,1,344,15.67,302.45,57.47586,2,20,7.3569183,318.20605,0.5660085,1969.738,22.44845,1752.9904,1261.6741,3,59,7.7163916,2
21,1,204,8.26,87.76,19.729694,3,7,6.7165947,153,0.31444988,912.5777,11.873746,524.0746,386.95853,1,43,7.0794997,2
24,2,238,11.17,152.41,27.920307,5,10,7.0184016,763.69464,0.40847537,2045.1177,23.248308,6693.745,6215.416,1,17,7.7514024,2
21,2,235,9.68,110.46,16.926867,2,17,6.875232,459,0.4402282,1899.9882,20.973545,3786.9233,3380.8413,3,28,7.6484323,2
34,1,248,12.27,202.53,52.502132,1,7,7.1123276,827.3358,0.3456306,2685.1377,27.828424,8353.852,7655.9907,1,19,7.931228,2
38,1,276,22.19,559.19,67.468575,0,11,7.704812,731.874,0.8797951,3544.7378,36.627186,7515.0825,6235.8906,3,55,8.205961,2
37,1,258,18.18,396.1,66.2501,0,11,7.505492,318.20605,0.7232277,2242.8804,24.471064,1827.516,1241.094,3,66,7.8026614,2
18,1,186,8.03,77.41,13.059696,2,11,6.6883545,222.74423,0.031421095,1056.7013,12.646184,687.983,533.3909,1,29,7.1425257,2
34,1,272,17.09,355.91,64.48677,0,11,7.4436636,540.9503,0.37734056,2620.2476,27.496319,4285.552,3565.1553,4,49,7.9192224,2
23,1,217,11.38,158.16,28.945042,2,13,7.037028,381.84732,0.37734056,1636.978,17.57937,1826.3154,1532.6073,1,43,7.471896,2
32,1,217,12.11,188.85,42.62414,2,11,7.0992017,890.9769,0.15710577,2971.1252,29.6638,10051.085,9263.781,3,18,7.9950976,2
26,1,272,15.85,284.91,34.027794,2,24,7.3683395,604.5916,0.5345621,2606.9893,29.83197,5759.9346,4919.1797,2,36,8.000751,2
42,1,320,21.77,545.09,71.87585,0,18,7.6857033,763.69464,0.8804564,3581.8936,36.49733,8139.1436,6875.8467,3,47,8.20241,2
41,1,291,20.69,498.51,71.14538,0,13,7.6348205,572.771,0.5974514,2730.3723,30.885204,4651.735,3735.191,3,57,8.035447,2
31,1,275,17.08,328.48,37.124844,0,16,7.4430785,255,0.5974514,2460.6292,26.11302,2286.927,1621.2493,6,61,7.8676043,2
36,2,253,15.82,302.66,52.916786,1,10,7.366445,604.5916,0.5027375,2760.652,30.663826,5961.561,5072.0103,4,36,8.028254,2
33,1,239,17.07,348.99,58.186966,0,7,7.4424925,509.12973,0.43989754,2736.1992,28.169643,4169.4717,3410.0435,4,45,7.943415,2
25,1,196,14.86,245.1,24.525661,0,11,7.303843,636.4121,0.53416157,2562.304,27.939653,5793.8027,5063.817,2,34,7.935217,2
28,1,211,15.51,270.87,30.616066,1,6,7.3466554,509.12973,0.62889975,2148.2048,24.59976,3245.661,2667.1846,1,46,7.807907,2
25,1,238,11.36,158.02,29.263023,2,16,7.035269,286.3855,0.5027375,1620.2482,18.461761,1770.8331,1444.4406,2,42,7.5208716,2
22,1,199,11.97,162.65,19.564735,1,9,7.0875735,350.02667,0.3770535,1732.3596,20.229193,2052.7961,1660.1777,2,36,7.612297,2
18,1,185,6.98,65.16,16.60566,3,9,6.548219,445.48846,0.158374,1658.825,16.47888,2517.566,2268.6995,1,23,7.40725,2
21,1,212,12.22,175.36,26.294546,3,15,7.108244,222.74423,0.5027375,1342.0232,16.283497,850.5045,591.265,3,46,7.3953223,2
21,1,186,9.43,113.81,25.13646,0,13,6.8490663,306,0.31444988,1533.4597,19.153154,2310.311,1963.0974,3,28,7.5576377,2
24,1,194,11.9,159.78,18.353539,1,11,7.0817084,381.84732,0.3458924,1767.1011,20.036396,2032.3799,1647.3966,1,45,7.6027207,2
17,1,180,7.26,66.42,13.850909,4,12,6.58755,159.10303,0.28278896,1076.5818,11.362937,474.88773,349.26404,5,36,7.035527,2
21,1,224,7.89,81.55,19.49283,2,12,6.6707664,95.46153,0.2201141,1042.5807,11.115588,324.8798,203.35693,9,54,7.013519,2
22,1,220,7.57,78.91,21.823334,4,13,6.629363,222.74423,0.094263375,1345.6556,13.820204,925.96533,742.39124,5,27,7.231302,2
35,2,264,15.11,281.35,53.573643,1,13,7.320527,477.30914,0.18867028,2321.9856,26.387144,3522.3894,2854.654,3,36,7.878047,2
36,2,302,20.34,478.86,65.80244,1,18,7.6177597,636.4121,0.8797951,3315.3906,34.033466,6055.68,4946.872,3,50,8.132515,2
30,1,296,16.91,320.67,35.072624,2,25,7.4330754,477.30914,0.6598388,2647.2178,28.36566,3684.5164,2908.9954,3,47,7.9503493,2
28,2,278,15.87,289.71,38.235443,3,16,7.369601,190.92366,0.5655779,1990.0122,22.11362,1245.7299,764.36145,6,68,7.701364,2
44,1,261,20.2,549.56,142.94954,0,9,7.6108527,763.69464,1.0000012,3005.651,32.203495,7381.9785,6409.004,1,42,8.077245,2
41,1,323,19.15,462.11,96.35098,1,13,7.5574727,890.9769,0.5031182,3158.5674,34.32917,9846.825,8755.892,1,32,8.141166,2
37,1,269,18.13,396.47,68.45767,0,17,7.502738,636.4121,0.7232277,3294.1597,35.563698,7839.3726,6641.005,4,39,8.176496,2
27,1,237,15.46,289,50.493336,4,13,7.343426,509.12973,0.66034055,2380.4446,24.995852,3563.2131,2968.1016,1,44,7.82388,2
39,2,260,18.57,395.41,51.075855,0,15,7.5267177,731.874,0.5027375,3252.121,36.293915,8580.019,7336.131,2,46,8.19682,2
29,1,231,14.4,257.76,50.90906,2,10,7.2723985,636.4121,0.6917848,2471.4158,25.264704,5083.023,4489.614,1,36,7.8345785,2
28,1,247,16.76,332.06,51.67918,2,13,7.4241652,890.9769,0.78552586,2668.7473,29.616114,9058.067,8263.59,1,30,7.993489,2
44,1,279,22.53,593.93,87.20111,0,10,7.720018,763.69464,0.8175726,3439.2085,35.604263,7527.787,6323.3574,1,57,8.177635,2
48,1,338,26.46,869.86,171.4428,0,16,7.8808045,636.4121,0.99999774,3453.5972,39.066566,6702.0933,5228.1777,3,53,8.270437,2
32,1,229,20.18,453.26,46.492535,2,12,7.6098623,381.84732,0.754107,2651.2202,29.30557,2717.732,1877.6925,4,65,7.982948,2
127,8,1095,77.73,6602.13,565.8356,2,35,8.958411,1941.0569,2.515599,11016.567,122.53665,60053.4,45493.11,3,82,9.41358,3
100,14,864,65.43,4499.49,220.61125,2,41,8.786151,1909.2366,2.232585,10623.919,114.918884,59455.03,46715.832,3,68,9.349397,3
97,3,957,58.77,3722.71,271.5123,3,37,8.678802,1431.9274,1.5093622,8187.2046,91.14402,32541.904,24479.465,3,78,9.117611,3
92,1,885,58.75,3758.59,310.12878,1,39,8.678461,1400.1067,1.853858,7684.248,84.92621,28557.545,21560.688,1,75,9.046953,3
85,9,880,55.15,3274.99,235.82578,3,35,8.615227,1431.9274,1.8237965,8166.7036,89.68447,32994.004,25202.727,3,72,9.101468,3
89,2,885,55,3255.08,232.40404,3,40,8.612503,1622.8508,1.9810323,9249.503,93.04611,40997.977,32667.07,3,67,9.138266,3
90,3,703,54.93,3289.45,274.89404,1,28,8.61123,1209.1832,1.6339015,8335.963,87.8368,26974.105,19453.338,5,74,9.08065,3
101,9,930,65,4434.26,211.37373,2,31,8.779557,1877.4156,1.7281544,11053.851,116.73304,60709.03,47558,2,75,9.36506,3
86,14,755,55.8,3382.46,271.53534,1,38,8.626944,1431.9274,2.3898056,8707.098,96.4108,39793.945,30806.98,4,70,9.173788,3
102,1,1010,69.83,5164.29,290.9708,2,38,8.8512335,1813.7745,2.3898056,10912.375,113.79275,51808.953,39252.688,1,77,9.339549,3
107,1,876,66.85,4794.73,329.09854,1,28,8.807622,1241.0038,1.9810323,9252.838,98.77381,29040.195,19478.717,1,82,9.198003,3
112,4,822,62.03,4335.39,492.59497,1,32,8.732788,2036.5189,2.232585,9684.006,101.45418,57868.395,48056,3,71,9.224777,3
112,8,824,68.87,5118.67,379.38724,0,27,8.837391,1845.5953,2.3583481,9560.66,109.55761,51178.574,39571.418,3,80,9.3016205,3
121,1,953,70.59,5400.33,421.59796,1,31,8.862059,2163.8013,2.1052186,10553.455,113.83879,66632.69,54215.57,3,78,9.339953,3
115,1,1053,73.89,5939.79,484.9069,2,34,8.907747,1781.9539,2.5784607,10144.1875,110.34998,50819.945,39033.16,3,74,9.308827,3
100,1,914,66.84,4858.38,394.7418,1,35,8.807472,1241.0038,1.7923611,8934.822,98.24652,28789.57,19330.498,5,83,9.19265,3
110,8,844,60.55,4269.93,609.7246,0,32,8.70864,1781.9539,2.264034,8284.398,93.77487,44682.2,36250.98,3,70,9.146067,3
93,2,785,53.12,3271.74,454.5511,4,28,8.5777235,1781.9539,2.01095,7592.669,82.12074,41036.52,34639.098,1,65,9.013361,3
83,6,666,54.98,3321.88,302.10065,0,32,8.61214,2036.5189,1.508214,8691.864,95.39768,55011.613,46374.645,1,70,9.163224,3
94,3,937,53.39,3209.13,362.26053,3,35,8.582793,1081.9006,1.3196776,7117.215,79.63895,21600.484,15412.247,3,72,8.982674,3
87,4,863,54.89,3255.47,245.00793,1,31,8.610501,1941.0569,1.6665734,8266.004,91.658516,48183.855,40184.418,1,68,9.12324,3
97,7,818,63.27,4304.49,304.44153,1,38,8.752582,2068.3394,2.01095,9489.421,106.33476,58813.875,47986.66,1,70,9.271763,3
96,3,834,62.25,4124.07,251.52272,1,33,8.736329,1177.3625,1.949569,9254.246,96.72148,29285.164,20131.43,7,80,9.177006,3
91,4,780,53.4,3066.24,216.84854,0,36,8.582981,1400.1067,1.8552494,8112.341,85.42049,30265.04,23200.38,1,75,9.052756,3
94,8,866,61.56,4133.24,347.07727,0,33,8.725183,2036.5189,2.3898056,9431.224,103.79729,57413.246,47110.477,1,73,9.24761,3
110,7,909,62.38,4259.6,372.05615,1,31,8.738415,1400.1067,1.4779012,9386.939,103.16776,39004.53,28647.422,3,76,9.241527,3
84,7,726,54.18,3222.46,289.88654,1,34,8.597482,1941.0569,1.8852613,8038.1025,92.56718,49662.227,41508.633,1,66,9.133105,3
97,13,919,58.28,3668.18,274.36533,2,35,8.670429,1463.748,1.6967511,8539.825,97.99693,38851.875,29543.914,4,76,9.190106,3
94,6,803,57.53,3717.91,412.33255,1,26,8.657476,2291.084,1.6980222,8812.177,100.15977,67596.41,58145.89,1,65,9.211937,3
100,1,794,59.61,3932.19,382.66458,1,31,8.692993,1750.1339,2.6079705,8580.397,89.86443,40719.797,32973.926,1,72,9.103473,3
103,7,935,59.9,4041.82,458.39417,1,38,8.697846,1718.3126,1.8852613,8656.287,98.444016,45928.316,36603.13,3,71,9.194658,3
94,1,934,52.95,3122.77,322.2903,2,33,8.574518,1622.8508,1.6665734,8296.176,84.7936,41789.684,34949.22,3,76,9.04539,3
88,6,888,59.83,3922.55,346.38498,0,44,8.696677,2163.8013,1.9181411,8647.179,98.319374,59257.53,50091.754,1,66,9.193391,3
82,9,782,56.59,3499.61,300.18378,3,29,8.641003,2577.4695,1.4767897,9718.041,106.04874,83991.52,73479.97,1,65,9.269069,3
87,8,793,53.69,3146.45,266.49896,2,35,8.588397,2068.3394,1.6653095,9104.567,99.2395,61883.43,52560.555,3,65,9.202706,3
91,2,841,59.24,3723.28,216.0631,1,32,8.686768,1495.5686,2.2623117,8797.474,93.667816,36378.38,27883.555,3,69,9.144925,3
99,9,885,62.6,4348.26,433.8386,1,34,8.741936,1591.0304,2.356607,8676.874,100.46502,43263.85,33505.688,3,72,9.21498,3
106,1,928,60,4137.36,542.7879,2,34,8.699514,2259.2634,2.0753715,9059.339,95.1346,64165.41,55671.535,3,67,9.160463,3
98,3,836,56.15,3496.49,347.13898,0,28,8.633197,1877.4156,1.7281544,8723.423,94.85731,48468.4,39869.184,3,74,9.157544,3
107,4,869,58.22,3889.04,504.51685,1,33,8.669399,1718.3126,1.853858,8113.794,90.76678,41504.266,33601.684,1,72,9.113463,3
99,11,871,65.12,4568.14,330.83383,0,35,8.781402,2545.6484,2.5451162,11098.531,119.666374,87541.9,73961.48,1,67,9.389878,3
116,7,1034,70.2,5478.3,555.8181,0,41,8.856519,2354.725,2.482271,10784.017,116.08574,75158.7,62305.86,1,73,9.359499,3
102,6,827,58.95,3920.97,450.37097,1,33,8.68186,1495.5686,2.1366463,7894.69,88.73508,34408.27,26802.379,3,75,9.090825,3
108,2,948,66.65,4903.99,466.43195,1,30,8.8046255,2354.725,2.1382484,10703.893,110.83256,78092.47,66473.35,3,70,9.31319,3
90,3,820,59.56,3953.14,409.8448,0,36,8.692154,2195.622,2.232585,8968.394,96.33953,61021.59,52262.91,1,70,9.173049,3
105,10,850,59.05,3827.73,344.27005,1,32,8.683555,1527.3893,1.8552494,8310.924,96.04877,38683.87,29756.066,2,74,9.170026,3
99,3,969,63.33,4369.77,362.70813,2,32,8.75353,1718.3126,2.2937393,8796.525,96.98542,42184.21,33109.133,3,72,9.17973,3
87,8,877,57.62,3633.56,316.6622,1,41,8.6590395,1177.3625,1.4767897,7767.0317,89.66737,28446.145,20612.031,4,75,9.101277,3
89,5,777,54.65,3303.41,319.9874,1,30,8.606119,1463.748,1.6665734,7043.729,82.674706,29578.295,22972.92,1,72,9.020083,3
81,4,803,50.64,2833.04,271.3439,3,33,8.529912,1304.6447,1.6036918,6899.9272,82.62786,29655.428,23058.652,3,74,9.019517,3
79,2,804,51.07,2807.27,201.13646,2,43,8.538367,1463.748,1.6967511,8054.815,83.726944,33395.41,26651.727,3,72,9.032731,3
139,2,887,76.51,6852.73,1009.0401,0,25,8.942592,2322.9043,3.1735415,9906.945,110.84027,68848.04,57133.81,1,78,9.31326,3
106,10,1008,67.83,5070.77,474.60727,1,38,8.822175,2259.2634,1.853858,10236.433,114.28069,71256.13,58783.9,1,73,9.343828,3
102,7,927,69.11,5125.61,352.94742,2,34,8.84087,1272.8242,2.1696968,9491.769,106.29464,34330.176,23264.268,3,76,9.271385,3
111,3,987,69.64,5196.56,350.33365,0,38,8.848509,2036.5189,2.1696968,10711.091,114.886826,62048.555,49343,3,76,9.349117,3
102,1,1013,65.24,4614.98,362.3459,0,34,8.783243,1972.8779,2.1680558,9522.104,102.919846,53681.434,43524.188,3,73,9.2391205,3
107,2,849,68.88,4968.3,226.10666,1,27,8.837536,2068.3394,2.2937393,11570.376,117.76019,65066.41,51716.117,3,74,9.37382,3
104,2,1006,65.6,4785.66,487.17197,1,40,8.788746,1718.3126,1.948114,8467.112,96.184265,41281.01,32353.129,3,72,9.171436,3
117,6,1105,72.04,5737.94,553.71545,0,32,8.882392,1591.0304,2.6707952,10079.502,108.774315,42749.434,31229.88,3,79,9.294445,3
88,3,885,57.88,3680.94,334.18747,3,43,8.663542,1718.3126,1.8866967,8888.239,94.12374,42576.83,34058.137,1,76,9.14978,3
121,12,1020,65.98,4796.02,447.13083,1,41,8.794522,2800.2134,2.1366463,11429.812,122.99994,101605.86,87350.375,1,69,9.417354,3
114,6,858,57.67,3954.09,634.6073,1,29,8.659907,1463.748,2.264034,7759.5933,88.9623,35420.16,27783.707,3,71,9.093383,3
112,1,929,70.13,5590.97,679.5485,0,34,8.855521,1909.2366,2.4841383,9730.215,104.21683,53097.86,42663.348,3,81,9.251644,3
111,1,893,71.24,5639.4,569.9622,1,33,8.871224,2863.8547,2.3269162,10875.791,115.65756,98018.07,85496.37,1,72,9.3558035,3
106,3,1113,71.25,5494.61,422.2702,2,38,8.871365,2100.1597,2.2309012,10680.699,114.409256,62383.78,49792.223,1,73,9.344953,3
102,3,935,65.4,4677.02,403.89902,1,32,8.785692,1909.2366,1.949569,9564.996,103.059395,50053.875,39830.945,1,78,9.240476,3
99,8,921,58.55,3776.47,351.8864,2,34,8.675052,1750.1339,1.8852613,9221.325,98.5044,45825.71,36487.473,3,67,9.1952715,3
114,2,891,58.1,3863.64,492.95956,0,30,8.6673355,1718.3126,1.8237965,7695.9507,87.91103,39971.53,32568.873,3,75,9.081495,3
86,3,845,58.91,3751.27,283.71902,4,32,8.681181,2036.5189,1.8552494,8833.535,96.58057,53354.535,44471.445,1,70,9.175548,3
92,6,878,63.11,4269.91,289.93735,3,42,8.75005,1718.3126,1.6351452,9687.669,104.25212,47065.82,36562.953,3,76,9.251983,3
94,7,870,53.9,3269.52,367.99005,0,30,8.5923,1750.1339,2.0753715,8497.531,92.51713,47502.953,39336.902,3,69,9.132564,3
135,8,1012,69.54,5631.1,803.3215,1,39,8.847073,1845.5953,2.2937393,8997.526,107.74181,51495.75,40290.35,3,71,9.284908,3
113,2,950,65.02,4676.52,453.45422,0,31,8.779865,2036.5189,2.1994934,9212.832,102.223785,54467.66,44462.586,1,74,9.232334,3
133,7,1026,55.88,3629.08,511.62173,0,30,8.628377,1177.3625,2.1994934,7171.801,81.0396,23377.83,16980.213,3,73,9.000108,3
108,4,923,57.35,3838.45,554.9774,2,30,8.654343,2004.6984,1.6339015,8175.3643,91.02121,49758.9,41892.965,1,67,9.116262,3
92,2,807,53.26,3212.12,379.28516,2,31,8.580356,1750.1339,1.9795315,7530.848,82.78546,39700.176,33178.523,2,62,9.021422,3
107,4,753,56.12,3681.74,537.66223,0,31,8.632663,2195.622,2.264034,8640.305,93.97305,60149.93,51837.363,1,65,9.148178,3
116,2,913,58.16,3938.4,561.4287,1,31,8.668368,1368.286,1.8224229,7823.736,88.789665,32846.14,25214.68,3,75,9.09144,3
93,6,905,59.28,3887.94,377.5974,0,39,8.687442,1941.0569,2.0439177,8928.55,97.803825,51571.95,42430.668,1,75,9.188134,3
93,3,992,62.2,4185.84,320.2019,4,38,8.735525,1750.1339,1.9181411,9372.989,100.83337,45177.82,35364.09,1,78,9.218639,3
100,9,1037,61.51,4320.39,542.33356,2,38,8.72437,1686.4922,2.7336428,9112.736,101.250175,49871,40019.59,3,70,9.222765,3
103,3,788,60.89,4228.31,525.9776,1,29,8.714239,2131.9805,1.5722479,8792.35,96.66441,58517.586,49670.277,1,71,9.176415,3
87,1,742,53.95,3187.55,279.7449,1,36,8.593228,1431.9274,1.8237965,8699.868,88.28412,33858.246,26327.44,3,76,9.085731,3
102,9,864,58.78,3848.18,397.06223,1,29,8.678972,1654.6716,2.1052186,8552.469,93.86391,40467.055,31976.39,1,71,9.147017,3
108,5,995,73.97,5813.63,345.5243,1,32,8.90883,1781.9539,2.7964857,11140.253,118.54506,53575.836,39922.133,3,80,9.380464,3
105,1,961,62.37,4314.37,428.63968,1,36,8.738255,2068.3394,1.0000012,8733.457,96.58574,53998.523,45120.93,1,71,9.175601,3
102,4,805,56.85,3731.89,505.01776,2,31,8.645586,1304.6447,1.949569,7895.177,86.90467,29845.225,22517.982,5,73,9.069982,3
102,7,984,65.15,4650.35,409.92685,1,33,8.781862,2068.3394,1.8852613,10599.782,112.70688,65895.24,53729.695,3,74,9.329961,3
81,11,783,51.39,2836.07,197.10902,2,28,8.544614,1781.9539,1.9181411,8413.401,94.67215,48875.47,40315.812,2,72,9.15559,3
101,7,956,55.49,3420.55,344.85855,2,36,8.621373,1209.1832,2.2309012,7974.872,88.55884,29684.61,22062.562,4,70,9.088838,3
85,10,816,53.79,3114.45,223.31917,3,34,8.590258,1654.6716,1.4779012,8529.762,94.13721,42404.66,33881.66,2,74,9.149923,3
126,15,1103,68.51,5148.33,459.30283,2,40,8.8321495,2450.187,2.0753715,11395.617,123.85539,87992.54,73386.24,3,72,9.424285,3
91,2,863,56.06,3479.88,340.562,2,34,8.631593,1877.4156,2.0439177,8816.07,92.51949,51069.66,42939.19,3,72,9.132589,3
101,16,1043,68.11,4875.57,238.98781,1,41,8.826294,1686.4922,1.3511066,11295.696,125.23247,63345.87,48144.133,6,75,9.435342,3
82,7,805,52.72,3079.32,302.9511,2,39,8.570165,1654.6716,2.1366463,7460.4653,86.09789,38109.2,31006.414,1,67,9.060655,3
94,2,860,59.27,3818.41,308.56284,2,37,8.687273,1877.4156,1.4779012,8412.928,94.144264,48849.24,40390,3,73,9.149999,3
113,9,824,51.22,2824.4,202.94098,1,33,8.5413,2068.3394,1.225424,8767.5,96.49131,56812.965,47982.21,1,61,9.1746235,3
100,7,820,62.51,4212.31,307.8888,0,32,8.740497,1941.0569,2.515599,9701.014,105.89965,54980.99,44208.332,1,73,9.267662,3
93,9,837,61.39,4141.75,376.7858,0,39,8.722417,1654.6716,2.1680558,8448.664,99.155876,42230.273,32725.64,1,75,9.201863,3
88,11,1052,59.7,3914.06,353.50494,3,38,8.694502,1909.2366,1.7294824,9854.115,105.5144,56452.34,45776.83,2,74,9.264017,3
35,5,294,22.3,534.06,37.141415,4,13,7.709757,668.2328,0.5027375,3551.7336,40.43352,7486.4316,5910.67,2,51,8.30483,4
54,2,356,25.48,771.18,123.18141,0,15,7.843064,763.69464,0.5655779,4253.3457,46.068077,9571.608,7524.5884,3,44,8.43529,4
36,1,333,20.41,454.05,37.860504,3,18,7.6211953,604.5916,0.53416157,3448.3564,35.18019,5722.779,4530.438,3,53,8.165653,4
30,2,264,17.69,354.25,41.73122,1,13,7.47817,636.4121,0.5974514,2856.804,30.542715,5690.444,4805.6426,3,43,8.024297,4
51,2,330,25.25,794.05,158.06818,0,16,7.8339963,922.79767,0.78552586,4034.0198,42.95502,11312.4,9562.895,1,55,8.365324,4
40,5,259,23.59,636.01,80.32514,2,8,7.765993,1145.542,0.94263065,4329.0493,46.87129,17261.271,15216.517,1,47,8.452576,4
37,3,236,15.9,311.26,59.04042,1,10,7.3714895,636.4121,0.5027375,3147.26,32.0811,6440.5205,5465.9834,3,37,8.073438,4
37,1,256,20.7,516.72,89.12124,1,11,7.635304,954.6183,0.91121143,2899.8271,33.182907,10163.499,9153.933,1,41,8.107205,4
34,4,247,17.96,371.88,49.81654,0,13,7.493317,668.2328,0.8804564,3196.7227,35.603146,8909.133,7718.7373,3,44,8.177604,4
32,1,268,18.21,385.53,54.470608,0,16,7.507141,604.5916,0.5974514,3152.2358,31.716755,5510.98,4550.5327,3,45,8.062016,4
26,3,235,17.03,311.47,21.665754,2,14,7.4401464,540.9503,0.7232277,2768.2864,31.240992,4964.322,4028.6077,4,45,8.046902,4
32,6,249,18.26,365.92,32.82061,0,11,7.509883,561,0.6917848,3034.0688,36.967587,9058.039,7769.1235,2,47,8.215212,4
37,2,289,18.59,410.97,66.042336,1,14,7.527794,540.9503,0.6284231,2706.3342,29.615606,4221.628,3378.3274,2,52,7.9934716,4
29,1,190,16.8,313.52,31.59595,0,10,7.426549,795.5152,0.78612393,2873.8103,30.064154,7544.96,6708.188,1,41,8.008504,4
40,2,270,21.7,524.22,53.868717,1,16,7.6824822,636.4121,0.8490111,3437.5752,36.619904,6698.812,5411.9136,4,56,8.205762,4
46,7,351,25.22,714.5,79.24403,0,21,7.8328075,731.874,1.005475,4239.3945,46.9099,12438.535,10341.411,5,58,8.453399,4
40,4,336,22.01,520.87,36.797874,1,22,7.696667,795.5152,0.81695074,4019.8477,40.538277,9159.958,7592.5317,1,50,8.307417,4
50,1,336,27.93,908.23,129.43951,0,18,7.9348717,1304.6447,0.8175726,5265.6846,51.172855,21790.895,19365.89,1,61,8.54038,4
45,2,388,25.2,696.12,61.697,1,18,7.832014,700.05334,1.0376858,5048.021,46.32747,10282.872,8218.826,7,60,8.440906,4
49,1,293,32.52,1127.66,70.817764,0,11,8.087026,954.6183,0.974057,5115.2046,53.448544,13009.233,10255.037,1,69,8.58389,4
46,2,363,27.34,805.04,58.145855,3,15,7.913521,1113.7211,1.0691242,4661.4653,48.570435,15493.775,13267.359,1,51,8.488185,4
60,1,437,28.5,899.6,88.23232,1,17,7.9550743,827.3358,0.84837556,4782.434,48.03854,10987.647,8767.622,5,64,8.477174,4
57,3,419,28.05,867.71,81.72477,0,13,7.939159,731.874,1.0691242,4600.015,46.6897,9347.168,7239.6353,4,57,8.448694,4
63,1,537,37.11,1486.93,110.886795,2,23,8.219057,1145.542,1.0691242,6427.12,64.383995,20464.752,16484.293,3,65,8.770035,4
41,2,332,21.19,502.13,53.650387,0,23,7.6586995,827.3358,0.72268605,3391.166,36.664913,8654.201,7383.7236,1,50,8.20699,4
43,3,380,24.69,649.01,39.812023,1,22,7.8115683,668.2328,0.78552586,3891.2205,41.89254,7299.346,5600.3647,3,57,8.340278,4
43,4,350,26.92,787.1,63.044025,1,17,7.89804,1081.9006,1.1634581,4600.914,48.264904,15136.008,12935.866,1,50,8.481874,4
46,2,423,28.67,872.95,51.49607,2,23,7.9610214,795.5152,0.6917848,5784.1934,55.342743,13401.38,10442.992,9,59,8.618715,4
43,8,419,27.73,802.65,34.037476,2,23,7.9276853,859.1563,0.84837556,5072.814,53.754814,13690.659,10910.18,3,59,8.589603,4
51,8,375,30.66,1004.92,65.539795,1,16,8.028129,859.1563,1.005475,4925.3164,54.063587,12663.5,9839.018,1,65,8.595331,4
52,2,340,25.76,738.16,75.33576,2,11,7.853993,700.05334,1.0376858,3895.9346,40.87765,7272.213,5657.81,2,62,8.315754,4
51,1,379,28.97,936.33,98.049576,1,16,7.971431,986.43896,0.91121143,4312.5146,47.8163,13026.835,10848.927,3,62,8.472537,4
55,2,412,29.99,970.01,71.3231,0,20,8.006034,763.69464,0.72268605,5613.088,54.968998,12002.747,9071.876,5,64,8.611939,4
91,1,430,29.19,1155.15,306.15543,0,7,7.9789963,1113.7211,0.94334835,4504.536,49.38498,15366.512,13058.216,1,56,8.504816,4
68,6,437,29.41,991.11,127.436264,0,14,7.986505,795.5152,0.84837556,4709.345,54.008102,11892.268,9066.053,2,53,8.594304,4
67,1,442,29.29,983.97,127.33927,1,17,7.982416,986.43896,0.8175726,6196.254,58.65281,18956.64,15673.221,3,50,8.6768055,4
66,5,412,27.15,890.67,155.0985,2,19,7.906547,668.2328,0.78552586,4262.7256,48.769886,8819.674,6506.2363,3,57,8.492283,4
62,12,485,30.21,1014.27,102.65242,2,25,8.013343,890.9769,1.0376858,5522.712,60.14849,18202.342,14731.82,4,59,8.701986,4
70,2,427,31.82,1149.08,137.9471,0,15,8.065266,1050.0798,1.0368936,4953.788,54.942284,15081.916,12185.113,1,54,8.611453,4
125,10,578,39.98,2069.66,476.01996,1,13,8.29355,1081.8975,1.1634581,7109.0317,75.85789,25964.855,20414.57,5,59,8.9340315,4
88,5,498,35.84,1580.72,299.20654,1,13,8.184235,922.79767,0.78612393,5371.203,62.90911,15208.285,11364.374,3,62,8.746861,4
61,3,429,32.65,1177.55,112.65404,0,17,8.091015,827.3358,1.0997467,4511.7266,50.89985,10357.275,7844.929,1,62,8.53503,4
71,4,519,42.77,2009.31,181.85571,1,17,8.361007,954.6183,1.6653095,5874.49,64.89648,15378.455,11279.698,3,70,8.777964,4
52,3,370,30.36,1010.86,90.0307,0,16,8.018296,700.05334,1.100564,4084.8416,47.697384,8489.175,6276.904,3,66,8.470047,4
63,3,381,31.47,1113.27,124.150604,1,12,8.054205,700.05334,1.0691242,4640.869,50.768818,9074.223,6562.3726,4,65,8.532453,4
52,6,415,30.65,981.33,42.330837,2,23,8.027802,859.1563,0.78612393,5588.9766,58.448288,14799.193,11497.971,4,59,8.673312,4
41,2,340,26.96,785.9,59.654938,0,15,7.8995247,827.3358,0.78612393,4045.683,43.87913,9451.693,7602.3384,1,61,8.386609,4
65,3,443,39.64,1686.7,116.535774,0,17,8.285008,1081.9006,1.3206811,6018.394,64.91667,18044.992,13970.524,3,68,8.778275,4
65,2,528,35.94,1375.8,84.966064,3,25,8.187021,1145.542,1.0691242,6140.928,63.57469,19447.85,15561.725,3,63,8.757385,4
51,1,429,33.67,1234.15,101.49603,1,25,8.121778,1209.1832,1.2568462,5331.844,55.71287,18916.043,15971.836,1,64,8.625381,4
53,1,410,34.29,1245.19,70.086784,3,19,8.140024,1113.7211,1.0368936,5619.0063,58.411446,17256.111,13984.056,1,60,8.672682,4
52,4,389,30.87,1021.91,69.64961,2,19,8.034955,922.79767,0.8175726,4880.0254,54.089928,13920.656,11105.997,3,65,8.5958185,4
66,3,478,35.3,1363.46,118.55557,1,19,8.169053,1495.5686,0.8490111,6973.208,70.24334,31487.982,26822.076,3,55,8.857136,4
49,1,394,35.38,1310.02,58.864243,1,21,8.171317,1304.6447,1.100564,6559.6885,64.99574,24542.39,20523.178,4,58,8.779492,4
71,2,475,44.29,2105.73,145.58176,1,15,8.395929,2004.6984,1.4767897,7287.0054,78.07202,47693.67,42018.613,1,60,8.962802,4
55,2,360,37.46,1521.7,119.64486,0,14,8.228444,1463.748,1.0691242,6899.8965,68.91377,28981.324,24476.984,3,63,8.838026,4
61,2,439,39.63,1644.21,74.41722,0,16,8.284757,1113.7211,1.1311558,6002.533,65.08373,18264.916,14170.731,2,71,8.780845,4
54,1,386,34.18,1284.64,117.543045,0,16,8.136811,1241.0038,1.2892303,6068.5264,60.404053,21636.74,18169.791,3,59,8.706226,4
62,1,469,36.08,1368.46,67.36724,2,26,8.190908,1081.9006,1.132017,6507.663,64.50109,19209.709,15201.331,3,55,8.7718525,4
46,6,347,31.6,1061.94,64.02019,2,15,8.058328,954.6183,1.132017,5055.7837,55.979332,14964.084,11949.896,3,57,8.630153,4
47,6,365,30.82,1012.14,62.89659,0,20,8.033334,1241.0038,0.8797951,5187.7046,57.36357,20693.582,17578.791,1,56,8.654579,4
50,1,329,32.4,1136.12,87.232315,0,10,8.083328,1527.3893,1.100564,6672.7793,64.13606,30575.973,26729.836,1,54,8.766177,4
67,3,432,36.23,1574.33,264.3607,0,16,8.195058,1400.1067,1.1949028,5523.207,61.737354,25653.762,22062.889,1,56,8.72806,4
46,1,312,26.46,782.56,83.26102,1,12,7.8808045,1177.3625,0.66034055,4376.966,47.059113,16914.098,14848.019,1,50,8.456574,4
46,5,404,29.84,938.32,48.37817,1,25,8.00102,668.2328,0.8804564,4425.62,49.554317,8721.343,6329.0015,4,67,8.50824,4
51,2,330,28.66,880.36,59.559998,0,9,7.9606724,763.69464,1.3521184,4366.095,45.842842,9005.977,6974.1523,3,59,8.430389,4
33,2,241,22.25,521.61,26.815657,0,12,7.7075124,604.5916,0.8175726,3708.9587,38.02444,6241.7783,4844.3647,3,60,8.2434,4
50,1,361,28.75,915.73,90.068184,1,17,7.963808,954.6183,0.91121143,4254.7344,46.333427,12008.008,9960.829,1,52,8.441034,4
44,2,366,28.22,862.54,66.840004,1,25,7.945201,890.9769,0.84837556,4628.233,47.38672,11324.299,9170.503,1,63,8.463512,4
42,6,328,23.63,587.95,29.871838,1,14,7.7676873,700.05334,0.6912612,4017.3254,43.672943,8794.937,6957.1816,2,56,8.381899,4
51,3,425,31.12,1065.98,98.510704,1,23,8.043021,890.9769,1.4464554,4889.4556,51.23174,11668.9,9135.563,1,70,8.54153,4
61,1,400,32.54,1200.56,143.1398,1,18,8.087641,986.43896,1.3521184,4825.247,50.982124,13479.701,10990.428,3,68,8.536645,4
38,1,306,21.95,555.05,73.98738,1,13,7.6939373,1050.0798,0.6917848,3839.584,39.314564,13022.006,11592.294,1,49,8.276765,4
48,1,388,29.6,945.78,70.32321,1,13,7.9929447,1431.9274,0.78552586,6204.949,59.44793,26512.87,23210.924,1,50,8.690271,4
43,1,322,26.21,751.99,65.68275,0,15,7.871311,1113.7211,1.0683231,4560.257,46.607338,15455.62,13417.551,1,49,8.446928,4
45,8,310,27.04,792.02,61.473145,1,19,7.9024873,700.05334,1.0691242,4204.6494,48.54039,11346.889,9081.534,4,65,8.487566,4
42,3,292,26.55,779.67,75.522736,0,9,7.8842,954.6183,0.8797951,4634.1206,47.570175,12821.515,10665.245,3,53,8.467376,4
39,1,334,22.99,569.37,41.24232,1,17,7.7402296,795.5152,0.8797951,4481.379,42.609253,10538.116,8810.672,3,53,8.357242,4
52,1,376,30.34,1002.66,82.974144,1,14,8.017637,795.5152,0.8804564,5460.24,51.58728,12096.974,9531.034,5,68,8.548446,4
45,5,334,27.15,789.07,52.472237,1,17,7.906547,795.5152,1.0376858,4510.2793,48.475582,11116.345,8855.012,4,62,8.486231,4
64,1,394,33.45,1287.71,170.5126,1,21,8.115222,1177.3625,1.2882638,5123.4795,54.177773,17681.143,14894.861,1,59,8.597441,4
55,6,463,34.93,1333.87,114.914276,1,25,8.158516,922.79767,1.1949028,5391.749,59.00112,15111.435,11747.783,4,71,8.682727,4
48,4,361,30.45,1032.09,105.94701,1,13,8.021256,1018.25946,1.0997467,5071.55,54.582783,16410.125,13566.51,3,58,8.604889,4
66,3,400,37.24,1578.26,193.37605,0,18,8.222553,795.5152,1.226347,4764.775,54.29287,10515.54,7644.2656,3,73,8.599563,4
80,5,426,43.21,2213.25,349.6422,0,19,8.371243,1813.7745,1.6339015,7066.9375,75.729065,42315.1,36949.703,3,59,8.932332,4
55,1,412,34.65,1383.03,184.25009,1,19,8.150468,1113.7211,1.0368936,5006.3247,53.587593,16488.152,13754.062,3,68,8.586488,4
60,4,401,36.81,1587.75,235.12515,0,20,8.210939,1304.6447,1.1949028,5954.912,64.45325,24148.54,20196.283,3,60,8.771111,4
51,10,374,32.96,1169.62,84.09935,0,18,8.100465,1272.8242,1.1949028,5685.1514,63.964283,25250.445,21372.742,2,59,8.763495,4
62,1,402,38.91,1696.55,184.40593,0,16,8.266421,1304.6447,1.4767897,5841.6055,62.941208,22559.697,18785.963,1,62,8.747372,4
55,4,399,33.75,1305.91,168.53282,1,20,8.12415,1304.6447,1.100564,5685.906,59.52804,22598.943,19247.83,1,59,8.691618,4
50,5,299,27.25,896.27,155.2601,0,14,7.9102235,700.05334,0.72268605,4023.01,45.604366,8870.164,6858.9956,3,53,8.425174,4
57,4,386,35.98,1408.58,115.171326,1,22,8.188133,1336.4656,1.2882638,6846.4004,68.55189,26683.295,22206,4,62,8.832761,4
53,7,386,36.36,1432.78,111.84889,0,17,8.19864,1050.0798,1.4464554,5846.2173,63.595226,18961.143,15067.465,4,69,8.757709,4
62,1,441,40.51,1879.17,240.51508,0,19,8.306719,1081.9006,1.2892303,5865.0605,62.53036,17805.387,14035.698,3,65,8.740823,4
61,5,423,40.85,1808.85,141.54291,1,22,8.315077,1591.0304,1.1625758,7408.916,76.95685,35984.203,30365.502,3,67,8.948415,4
60,1,333,39.88,1761.88,173.19756,0,11,8.291045,1145.542,1.3521184,5654.574,60.683437,18389.834,14855.913,3,71,8.710841,4
67,1,438,43.9,2077.44,151.74748,0,16,8.387085,1877.4156,1.539633,7795.7847,78.341736,43722.73,37964.953,1,62,8.96625,4
55,11,346,34.38,1250.06,68.76322,1,14,8.142645,1241.0038,1.1949028,5804.9976,64.33839,23672.605,19730.484,1,60,8.769326,4
52,1,297,33.73,1247.15,110.54249,0,13,8.123558,890.9769,1.3835696,4919.651,51.813828,11857.066,9265.044,3,67,8.552827,4
52,7,336,31.37,1076.53,93.38698,0,18,8.051023,795.5152,1.132017,5070.588,54.664993,13151.388,10265.786,4,68,8.606394,4
93,1,701,57.34,3621.44,336.93372,1,35,8.654169,1591.0304,1.7923611,8361.47,88.22157,35570.37,28068.01,1,70,9.085022,5
102,4,678,59.78,3971.12,401.4863,0,24,8.695842,2927.496,1.6967511,9961.8545,108.719894,101660.17,90747.63,1,64,9.293945,5
120,2,835,79.22,6859.88,589.9714,0,36,8.977399,2068.3394,2.9221604,11194.916,119.386406,62387.816,48620.926,3,80,9.387535,5
102,4,803,68.25,5346.95,695.84595,0,32,8.828347,2513.8284,2.5451162,10247.821,111.153534,81366.16,69708.13,1,74,9.316083,5
111,9,851,71.84,5479.52,321.75204,0,31,8.879612,2609.2893,2.6079705,11653.57,126.335556,90189.28,74978.39,1,74,9.444112,5
88,4,592,54.43,3300.19,340.97495,0,27,8.602086,1591.0304,1.7294824,7455.7275,83.161865,34502.67,27865.43,3,74,9.025959,5
100,1,735,57.08,3550.08,294.9026,1,24,8.649624,1463.748,2.356607,8816.628,89.87807,32978.227,25151.68,3,70,9.103624,5
83,2,669,53.34,3167.82,325.92352,0,30,8.581857,1750.1339,2.01095,8265.844,86.04495,42039.18,34985.297,3,71,9.06004,5
57,4,484,41.47,1797.21,78.23145,0,29,8.33014,1463.748,1.1625758,7371.0405,75.96478,31510.824,26000.18,4,71,8.93544,5
82,2,614,52.27,3087.83,359.2697,0,30,8.561593,1972.8779,1.5722479,7927.17,84.42181,49946.73,43252.21,3,72,9.040996,5
82,5,618,54.45,3346.07,385.11853,1,33,8.602453,1750.1339,2.3251517,8371.345,90.07571,43499.5,35743.297,2,70,9.105821,5
95,6,728,64.34,4528.94,393.23676,0,30,8.769352,2927.496,2.264034,10691.275,115.210205,103819.9,91461.125,1,67,9.351929,5
148,4,997,83.64,7704.6,716.11163,1,35,9.0316925,3086.5989,2.830038,12652.779,138.07082,127579.93,109612.51,3,73,9.532937,5
139,5,803,80.36,7242.8,793.0002,0,29,8.991687,1909.2366,3.3960445,10481.392,117.09477,54931.305,41636.49,3,76,9.368154,5
107,2,732,65.74,5025.94,711.3054,0,27,8.790877,2036.5189,2.6099434,9661.354,102.48001,59558.92,49552.293,3,70,9.234838,5
93,1,786,59.86,4247.74,671.2328,0,34,8.697179,2641.11,1.0000012,9082.515,98.747696,82794.63,73781.336,1,57,9.197739,5
103,1,700,58.59,3943.11,515.47644,1,28,8.6757345,1304.6447,2.1366463,7198.242,81.25409,24998.463,18582.055,1,74,9.002751,5
100,7,703,64.03,4637.51,543.1,1,32,8.764522,1686.4922,2.1382484,8671.026,97.50299,42097.574,32919.938,3,75,9.185053,5
117,5,676,72.26,6099.16,886.5177,0,21,8.885441,1559.2101,3.2073836,9638.539,104.73116,41395.484,30734.207,3,77,9.256567,5
120,1,828,74.96,6456.8,846.2611,0,30,8.922125,1909.2366,2.7671392,9036.038,105.17369,50798.113,40137.99,1,73,9.260783,5
58,2,510,34.75,1345.51,139.34091,3,30,8.15335,1113.7211,1.1625758,5063.219,55.548466,16888.95,13942.745,3,60,8.622426,5
83,6,612,56.43,3490.09,308.83344,0,27,8.638171,1877.4156,1.948114,8833.367,96.308136,51826.844,42981.402,3,71,9.172723,5
94,1,559,37.87,1760.59,329.7506,0,14,8.239329,2991.1372,1.3521184,8650.261,84.701546,100596.74,94366.05,1,40,9.044304,5
121,2,912,67.85,5474.45,879.62384,0,29,8.82247,2100.1597,2.7336428,9948.746,103.589745,59390.637,49151.312,3,72,9.245608,5
107,2,736,64.06,4693.98,596.25903,0,29,8.764991,2609.2893,2.452694,10304.952,108.410995,86494.39,75496.42,3,72,9.2911,5
116,4,775,70.5,5701.2,738.3333,0,29,8.860783,2131.9805,2.8907442,9909.154,110.18754,64187.086,52571.51,3,68,9.307354,5
92,1,648,59,3846.78,369.47476,0,28,8.682708,1877.4156,1.7909975,8089.1387,89.63373,44492.29,36826.348,1,74,9.100902,5
96,5,652,64.41,4656.71,513.1939,1,22,8.770439,2131.9805,2.2623117,9785.551,108.24487,66591.76,55429.105,3,75,9.289566,5
113,3,843,64.84,4768.16,569.63043,1,28,8.777093,1591.0304,2.1067986,8257.705,95.174934,36639.34,27859.672,1,81,9.160887,5
129,3,759,80.52,7261.74,786.1309,0,22,8.993676,3054.7786,2.9243531,13566.7,139.1755,129850.55,111596.69,3,77,9.540906,5
107,10,757,60.89,4091.03,387.31107,2,25,8.714239,2959.3174,1.8866967,9494.836,108.24715,100548,89727.85,1,70,9.289587,5
123,2,727,70.83,5692.53,682.4657,0,27,8.865453,1813.7745,2.9872644,9891.494,104.386024,50086.703,39586.13,3,79,9.253266,5
78,1,621,52.6,3101.34,337.9597,1,26,8.567886,2100.1597,1.5408,8348.935,89.26471,54928.2,47434.36,1,74,9.096776,5
100,1,675,67.52,5119.7,566.41364,2,26,8.817594,3118.4202,2.5765276,11634.135,118.82027,118058.79,104990.445,1,64,9.382782,5
96,1,775,60.01,3889.31,291.02005,1,33,8.699681,2482.0076,2.0124729,10385.593,107.186516,79134.96,68329.305,1,72,9.27974,5
98,4,743,57.39,3828.47,540.2605,1,30,8.65504,1559.2101,2.1680558,7575.5625,85.54701,35556.184,28523.127,3,70,9.054236,5
54,2,528,33.11,1222.87,127.87667,2,36,8.105005,1145.542,0.94263065,4949.667,56.45098,18681.314,15651.112,3,55,8.638543,5
139,2,789,77.05,6753.33,824.8766,0,27,8.949625,1941.0569,2.9535794,9788.921,109.682465,53843.355,42235.47,3,80,9.30276,5
72,3,587,39.22,1865.02,330.11276,0,23,8.274357,1813.7745,1.0691242,6872.3945,74.88016,43242.484,38015.605,1,57,8.92106,5
110,1,786,70.4,5389.56,437.7781,0,32,8.859364,2068.3394,2.4841383,10366.369,110.71348,62611.105,50862.254,3,77,9.312116,5
117,3,877,70.99,5544.57,510.09094,0,35,8.867709,2545.6484,2.042373,10970.307,118.16159,85973.52,72738.734,3,73,9.377223,5
118,13,821,80.75,7414.23,902.69446,0,37,8.996528,2545.6484,3.1735415,12427.232,136.39375,99589.24,81804.03,3,74,9.520716,5
97,11,751,69.96,5381.08,491.59445,0,38,8.853094,1972.8779,2.2623117,10277.454,117.40865,63875.9,50597.082,4,73,9.370831,5
66,4,610,41.46,1889.88,172.67519,1,31,8.329899,1050.0798,1.2568462,6206.3955,68.20689,18999.904,14492.651,3,72,8.827716,5
73,3,473,38.18,1700.78,245.52287,1,22,8.247482,1209.1832,1.100564,6178.8335,62.59668,21339.24,17596.863,3,61,8.741882,5
62,1,458,37.77,1674.21,250.1384,0,25,8.236686,1304.6447,1.5093622,5245.2344,56.93021,21454.46,18397.387,2,54,8.6469965,5
78,2,475,43.83,2332.95,416.04163,0,18,8.3854885,2322.9043,1.4767897,7605.191,80.102936,64912.934,59087.324,2,51,8.988482,5
90,1,668,56.22,3647.68,491.9107,2,29,8.634442,1495.5686,1.8237965,7430.5146,81.56742,32092.56,25696.277,3,75,9.0066,5
78,5,526,42.99,2155.33,310.29282,0,25,8.3661375,2354.725,1.5408,7961.722,85.863815,67454.16,60688.445,1,53,9.057933,5
104,3,663,55.09,3801.11,773.9412,0,35,8.614139,2609.2893,1.5710517,10206.787,103.43142,88171.53,78256.04,2,57,9.244079,5
77,1,497,34.62,1528.02,332.80365,0,19,8.149602,1654.6716,1.005475,6222.675,63.79881,34359.11,30594.766,1,49,8.760904,5
78,2,485,40.76,2270.12,614.89124,0,24,8.312871,1336.4656,1.5408,6753.682,68.905075,28414.72,23905.871,3,57,8.8379,5
81,1,543,43.77,2521.33,611.63367,0,26,8.384119,2100.1597,1.0000012,7651.709,79.88013,56742.54,50870.414,3,49,8.985698,5
94,1,508,52.08,3421,715.8319,0,18,8.557951,2259.2634,2.0124729,8308.57,87.07206,63912.03,56899.48,3,56,9.071906,5
79,9,535,46.86,2560.74,368.56604,1,26,8.452334,2482.0076,1.6980222,9162.067,95.726585,78832.93,70373.08,1,60,9.166666,5
104,1,613,60.62,4388.08,720.5005,0,24,8.709795,2100.1597,2.4194272,9782.676,99.34371,61129.55,51778.16,3,70,9.203755,5
152,6,825,82.73,8119.31,1287.9362,0,29,9.020753,3150.2405,2.6079705,12549.576,137.44733,125251.22,107433.79,1,80,9.528411,5
97,1,625,56.19,3927.25,777.711,0,25,8.633909,2068.3394,1.0000012,8037.0283,86.80406,54886.727,47830.082,3,55,9.068824,5
100,1,648,54.48,3932.76,974.4341,1,27,8.6030035,2641.11,1.0000023,9070.18,93.476166,84589.28,76617.664,1,50,9.142877,5
105,2,600,55.76,4108.24,1009.1538,0,27,8.626227,3086.5989,2.0000062,10737.637,110.89107,121600.96,110408.21,3,52,9.313719,5
123,1,674,76.18,6923.9,1131.8258,0,30,8.93827,2959.3174,1.0000012,11523.992,123.92034,113077.31,98708.14,3,68,9.424809,5
100,1,721,63.19,4570.87,583.73126,0,35,8.751316,2736.572,1.0000012,9945.331,106.20601,92013.44,81549.21,1,64,9.270551,5
104,1,781,69.6,5629.48,793.25244,1,32,8.847935,2418.3665,2.0000024,10219.707,108.99903,79318.75,68119.15,3,68,9.296509,5
104,10,645,64.06,4600.62,501.95612,0,28,8.764991,2036.5189,2.1994934,9289.594,104.141335,57686.18,47313.9,1,75,9.250919,5
106,5,711,53.91,3758.83,861.1534,0,34,8.592486,1781.9539,2.0439177,8452.632,88.7954,46652.4,39159.37,3,61,9.091505,5
104,6,647,52.38,3250.02,511.47037,0,27,8.563695,2259.2634,2.1366463,9246.477,97.44884,68248.26,59345.445,1,56,9.184498,5
76,13,519,48.13,2553.25,239.14452,0,26,8.479075,1972.8779,1.3511066,8237.574,92.09627,54343.93,46325.46,1,65,9.128005,5
123,5,735,68.64,5575.36,872.63684,0,26,8.834045,2895.6753,2.0439177,11454.129,123.7249,111085.95,96745.555,3,69,9.423231,5
102,3,676,62.7,4488.22,562.5554,0,26,8.743531,2513.8284,2.2954783,10739.319,109.9915,82786.23,71402.12,1,64,9.305573,5
131,1,775,78.52,7195.82,1040.838,0,26,8.968524,2609.2893,3.0816,11855.866,122.065254,89516.01,75369.79,1,69,9.409726,5
116,1,661,59.37,4787.11,1275.0635,0,29,8.688959,2354.725,1.9999955,9163.182,96.43592,71452.84,62780.758,3,54,9.174049,5
101,3,617,55.7,3982.9,889.3035,0,26,8.625151,2322.9043,2.5784607,8575.475,91.15891,65075.234,57338.676,1,59,9.117775,5
60,2,423,33.22,1308.1,206.59758,0,20,8.108322,1368.286,0.84837556,5753.379,60.991024,25525.83,22026.188,3,50,8.715897,5
111,2,815,60.65,4509.35,839.32056,1,32,8.71029,1941.0569,1.9795315,8494.633,91.2124,49059.266,41151.074,1,64,9.118361,5
91,3,647,52.52,3377.62,625.52466,1,26,8.566364,2322.9043,2.5765276,8787.57,89.97189,67130.51,59631.88,1,56,9.104668,5
83,1,630,48.19,2865.45,548.6604,2,27,8.480322,2004.6984,0.974057,7807.477,81.90316,51906.137,45654.555,3,64,9.010708,5
123,1,670,72.44,6561.38,1327.0974,0,19,8.887929,2895.6753,1.0000012,11185.473,120.42629,107872.68,94313.32,1,61,9.396208,5
99,1,661,62.16,4529.36,672.2165,0,26,8.734882,2227.4421,2.5470235,9198.302,98.21254,66146.41,57071.41,3,72,9.192304,5
88,6,603,46.96,2803.28,604.0792,0,35,8.454467,1336.4656,2.264034,6843.8984,77.062965,29147.176,23442.902,3,62,8.949793,5
54,7,389,34.19,1296.45,128.7817,1,17,8.137103,1145.542,1.415019,5168.3164,58.850094,19073.266,15767.608,3,56,8.680163,5
83,6,632,49.95,2846.83,355.38132,0,34,8.516192,2036.5189,1.6036918,7547.6147,85.83365,51357.26,44434.19,1,66,9.057581,5
91,1,665,57.92,3809.92,459.79138,0,31,8.664233,1654.6716,2.1680558,9252.822,93.542404,44715.37,36328.473,3,73,9.143585,5
85,1,606,53.82,3377.3,485.56326,1,30,8.590816,2131.9805,2.1067986,8460.946,88.2514,57007.55,49716.402,1,64,9.08536,5
86,1,629,49.43,2882.07,443.1769,1,33,8.505728,1972.8779,1.7294824,8283.369,85.12494,51305.32,44504.1,3,62,9.049291,5
91,1,565,38.47,1818.79,342.2719,0,28,8.255049,2100.1597,1.132017,7927.0513,77.50222,57887.46,52404.918,3,48,8.955477,5
59,1,461,30.23,1102.47,190.5223,3,24,8.014005,1495.5686,1.0000012,5749.04,57.434883,29650.008,26617.416,3,43,8.655822,5
76,5,712,46.36,2521.84,376.35397,2,32,8.441607,1877.4156,1.7909975,7511.5874,81.57388,45440.04,39177.516,1,59,9.00668,5
87,1,530,48.57,3107.59,756.1062,0,25,8.488176,2036.5189,0.99999774,7964.7993,82.84708,55501.344,49129,3,53,9.022166,5
93,4,555,47.55,2877.05,622.2701,1,16,8.466952,1972.8779,2.3269162,6724.4683,74.91676,45637.523,40429.297,1,56,8.921548,5
57,3,553,38.49,1639.05,159.1615,1,32,8.2555685,1272.8242,1.1311558,5817.044,63.695488,22953.855,19087.615,3,63,8.759284,5
106,2,670,57.85,4236.59,898.9569,0,29,8.663024,2100.1597,2.3269162,8969.534,96.136566,59323.96,50587.6,1,56,9.170939,5
98,7,535,48.16,3134.6,823.4489,0,20,8.479699,2609.2893,1.7595901,9427.751,98.70019,87351.18,78393.39,3,52,9.197257,5
92,2,607,57.54,3845.28,539.82666,0,29,8.657651,2068.3394,2.0124729,9240.067,94.5967,57262.13,48801.617,3,73,9.154793,5
119,8,706,65.37,4644.67,375.18497,0,30,8.7852335,2418.3665,2.6079705,11127.534,116.92343,84809.86,71857.35,2,71,9.36669,5
62,1,483,40,1817.96,220.16162,3,27,8.294049,1750.1339,1.0000023,6626.286,71.84832,38640.773,33816.766,1,61,8.879727,5
83,3,547,51.12,3152.34,544.5309,0,23,8.539346,2100.1597,2.4212666,7854.4067,83.68372,53720.35,47189.277,1,62,9.032215,5
118,1,617,60.9,4556.78,856.5352,0,23,8.714403,2291.084,2.8593197,9231.527,94.76611,65957.18,57552.074,1,65,9.156582,5
90,2,551,53.32,3447.5,610.58344,0,26,8.581482,2259.2634,1.5710517,8625.279,93.19363,67045.39,58949.84,3,62,9.13985,5
103,3,680,54.23,3499.39,564.13855,0,26,8.598405,1750.1339,2.2937393,7904.91,84.59039,40994.395,34180.668,1,67,9.042991,5
92,7,718,60.55,4085.05,422.9772,0,33,8.70864,2004.6984,1.9795315,9260.487,102.68081,58344.43,48283.918,3,76,9.236795,5
214,6,1228,100.58,12901.24,2813.0327,0,27,9.216124,2036.5189,3.6762636,10339.924,126.76939,58581.12,42940.047,1,76,9.447539,6
227,9,1252,112.76,15675,2990.0833,0,30,9.330432,1813.7745,4.402256,12347.136,149.64635,62818.91,40833.21,3,87,9.613445,6
210,4,1373,108.65,13578.35,1791.4414,1,35,9.293302,2513.8284,3.581995,13998.609,157.9062,99087.16,74901.81,3,83,9.6671715,6
248,6,1278,105.85,13945.65,2769.1177,1,28,9.267193,2227.4421,3.741924,12789.653,146.34924,77476.61,56624.758,3,83,9.5911665,6
190,2,1212,97.77,11383.95,1843.4113,0,32,9.187788,3277.5225,2.482271,12494.735,144.17487,131170.89,111499.516,1,78,9.576197,6
151,10,996,85.39,8233.91,951.9777,0,28,9.0524,2800.2134,2.01095,13194.262,148.14075,114801.25,93793.516,3,76,9.6033325,6
153,1,1031,74.19,6776.25,1284.9435,1,30,8.911799,2482.0076,2.0000024,8629.89,105.39025,73270.28,62791.09,1,61,9.26284,6
178,1,921,71.75,6845.23,1714.3105,0,22,8.878358,1463.748,1.6980222,8377.227,96.514656,33074.887,23999.809,3,81,9.174865,6
134,7,686,64.07,4939.59,843.0557,0,18,8.765146,1559.2101,1.3835696,8235.142,96.12201,36677.72,27715.438,1,73,9.170789,6
168,6,822,60.18,4589.42,977.5635,0,25,8.70251,2036.5189,1.6980222,7814.3936,93.579056,51530.594,43205.617,1,71,9.143977,6
143,5,1059,78.97,7049.65,821.6053,0,34,8.974238,2354.725,2.6393552,10722.412,122.34927,74241.92,59871.28,1,75,9.41205,6
128,6,748,55.45,3860.67,793.9068,1,18,8.620652,2227.4421,1.3521184,8259.797,95.85961,60761.62,52093.49,1,63,9.168055,6
245,2,1110,83.14,9280.8,2392.4648,1,24,9.025696,1781.9539,2.6393552,9454.868,112.35241,48500.81,36240.145,3,78,9.326811,6
152,6,974,80.61,7427.55,938.9674,0,30,8.994793,2354.725,2.3898056,11046.33,123.7592,74914.68,60200.332,1,75,9.423508,6
148,1,916,70.78,6170.2,1172.1128,1,24,8.864747,1622.8508,2.2623117,8916.111,98.330215,39163.766,29792.871,3,74,9.193501,6
74,1,567,39.19,1721.05,187.06451,0,28,8.273592,1368.286,1.0997467,5341.9653,61.127827,23204.87,19664.908,1,63,8.718138,6
165,4,1085,79.72,7707.16,1365.537,0,31,8.98369,1463.748,2.2937393,9183.458,109.17516,38060.883,26405.723,3,86,9.298123,6
135,2,848,67.13,5201.05,701.6291,0,31,8.811801,2418.3665,1.6665734,10048.728,111.62039,74876.52,63047.895,1,70,9.320274,6
163,5,850,70.04,6244.86,1352.7863,0,29,8.854237,1813.7745,2.0753715,8326.633,99.74829,43664.91,34055.742,1,70,9.20782,6
184,2,1029,80.3,8043.92,1611.9501,0,24,8.99094,1304.6447,2.6707952,9123.19,104.12864,31544.725,20911.06,3,80,9.250797,6
201,4,960,72.3,7029.82,1820.7374,0,18,8.885994,1463.748,2.3898056,8811.306,100.74622,35549.98,25656.744,3,75,9.217775,6
152,5,984,65.63,5311.27,1014.11444,0,27,8.789203,1813.7745,2.0439177,8738.606,102.220314,45616.69,35522.92,1,75,9.232301,6
149,3,943,61.55,4608.79,828.67474,0,30,8.72502,1209.1832,0.91121143,7216.9473,89.810814,25258.828,17366.508,3,83,9.102876,6
136,1,1037,58.4,4304.86,903.33295,2,30,8.672486,1241.0038,2.452694,7105.1025,81.01686,24633.46,18252.252,3,73,8.999827,6
93,7,647,51.66,2928.66,262.5298,0,26,8.549854,1972.8779,1.508214,8389.1,92.40657,52289.316,44192.26,1,67,9.131369,6
136,4,744,54.3,3557.1,614.7575,0,23,8.599694,1336.4656,1.508214,7996.38,88.32158,29988.35,22411.768,2,75,9.086155,6
149,7,840,63.77,5065.37,1008.8454,0,29,8.760453,1686.4922,2.0124729,8222.494,94.19377,40413.58,31859.713,1,73,9.150524,6
103,4,640,49.21,2827.57,410.04623,0,20,8.501267,1336.4656,1.8866967,7066.1045,75.462364,26354.035,20868.145,3,77,8.928804,6
163,3,895,69.14,5748.26,977.6974,0,23,8.841304,1909.2366,1.4779012,8922.027,104.81279,49835.816,39242.52,1,75,9.257346,6
68,2,623,43.51,2025.29,133.5049,2,28,8.378161,2004.6984,1.5408,7952.206,82.52748,48831.25,42444.914,1,57,9.018302,6
149,6,890,76.52,6525.56,677.0199,1,28,8.942722,1972.8779,2.3583481,9783.939,114.48921,53884.125,41188.227,1,73,9.345651,6
146,7,937,74.53,6189.09,640.7769,1,21,8.916372,1972.8779,1.7595901,10867.9375,122.49563,60604.8,46060.227,2,77,9.413245,6
147,4,911,58.12,4115.6,745.1169,0,29,8.66768,1622.8508,1.415019,7501.3936,90.26249,36166.547,28302.252,1,73,9.107892,6
134,1,929,61.74,4625.36,821.7498,0,33,8.728102,2291.084,1.7923611,9611.075,103.8075,66747.43,56536.793,1,67,9.247708,6
108,6,709,49.31,2795.01,367.206,0,30,8.503297,1559.2101,1.0997467,7705.879,87.42747,35347.145,27983.416,1,64,9.07598,6
143,2,777,61.48,4316.24,541.86835,0,20,8.723882,1622.8508,1.6339015,9026.809,100.0829,40423.676,30714.232,3,78,9.211169,6
112,1,863,53.36,3290.12,447.30325,1,35,8.5822315,1591.0304,1.539633,8667.279,90.06872,36881.99,29060.215,1,70,9.105743,6
119,4,743,55.76,3589.74,485.4165,0,30,8.626227,1368.286,1.3206811,7474.1655,86.668655,28696.408,21398.945,3,72,9.067263,6
67,2,639,37.74,1553.14,130.13376,1,26,8.23589,1400.1067,1.3835696,6555.271,68.12959,26425.086,22003.477,1,53,8.826582,6
147,5,750,63.97,4744.29,658.7165,0,22,8.763584,1813.7745,1.8866967,9763.992,106.42073,50739.547,39812.29,2,74,9.272571,6
143,10,733,68.1,5219.72,587.99,0,19,8.826147,3977.576,1.3206811,13706.131,145.18022,193408,174071.44,1,64,9.583146,6
126,1,932,74.31,6362.23,848.7414,1,33,8.913416,2513.8284,2.0439177,10887.733,120.01917,87761.27,74097.64,3,75,9.392821,6
81,3,628,47.13,2449.53,230.59906,0,29,8.45808,1877.4156,1.5710517,7592.869,82.806175,44369.28,37891.324,1,64,9.021673,6
90,6,733,52.92,3034.68,236.51878,2,31,8.573952,2195.622,1.6980222,8604.084,95.0123,59964.125,51451.31,1,64,9.159177,6
106,3,747,53.26,3196.6,363.60815,0,36,8.580356,1654.6716,1.3196776,7776.712,86.255394,38051.984,30921.201,1,71,9.062483,6
142,8,967,79.09,7166.65,920.6279,0,34,8.975757,2959.3174,2.4841383,11665.125,129.74765,107956.8,92042.79,1,70,9.470761,6
178,3,931,76.62,7247.14,1390.4202,0,22,8.944028,1718.3126,1.6351452,10060.754,114.37827,47534.113,34799.727,3,78,9.344682,6
146,1,750,60.58,4352.46,689.4179,0,21,8.709135,1750.1339,1.7909975,8391.086,95.35418,42296.59,33539.57,1,74,9.162768,6
164,10,917,80.4,7506.52,1052.8883,0,31,8.992185,1813.7745,2.2623117,11030.532,128.82971,58297.516,42121.645,2,79,9.463661,6
211,4,1057,92.63,10599.61,2039.6903,0,25,9.133783,2004.6984,2.1067986,11824.514,137.91826,66536.56,47995.07,3,80,9.531832,6
193,13,1355,93.19,10053.95,1383.4078,0,36,9.139811,3627.549,2.452694,16503.562,176.82721,188920.45,159245.08,3,74,9.780343,6
172,3,931,81.48,7679.3,1050.8181,0,22,9.0055275,1972.8779,2.4841383,10743.352,121.78725,57501.586,43100.46,3,82,9.407446,6
81,2,503,43.78,2128.98,214.43602,0,18,8.384347,1622.8508,1.4464554,6864.9873,74.714226,33861.777,28565.215,1,67,8.91884,6
102,2,883,62.2,4262.42,397.5554,1,28,8.735525,1495.5686,1.9810323,8522.466,96.719666,34186.94,25083.07,1,78,9.176987,6
147,2,884,66.24,5006.86,625.37616,0,28,8.798454,1845.5953,1.5722479,9875.827,107.74907,51614.44,40408.67,3,71,9.284975,6
111,1,636,52.65,3148.17,379.94702,1,15,8.568836,1559.2101,1.1949028,8098.829,87.27702,35644.7,28310.531,3,73,9.074258,6
122,9,657,41.98,2239.66,482.1613,1,19,8.342363,1909.2366,0.5027375,7912.082,89.490974,50982.387,43407.83,1,42,9.099308,6
140,1,856,68.07,5297.73,670.914,0,29,8.8257065,2195.622,2.0124729,9930.1,109.83897,64022.85,52483.086,1,74,9.304186,6
208,3,1029,96.36,10997.66,1729.7074,0,27,9.173262,2291.084,3.204964,12178.641,136.81451,73174.3,55006.152,1,81,9.523796,6
163,2,902,72.9,6212.14,906.79736,0,20,8.8942585,2354.725,1.8852613,11165.697,120.34271,79987.38,66166.67,3,77,9.395514,6
147,4,1189,101.29,11094.45,843.21844,1,32,9.223158,2131.9805,2.5765276,13775.527,152.31065,77312.55,54660.625,3,81,9.631092,6
164,5,1064,78.56,7097.6,935.2791,0,35,8.969033,2386.5452,2.1680558,10703.635,122.38205,74105.51,59725.402,1,83,9.412318,6
160,1,901,80.16,7916.9,1506.3376,0,27,8.989195,1909.2366,2.9221604,9627.749,112.41787,52263.96,40026.453,3,79,9.327394,6
183,3,1061,93.64,10485.76,1734.6573,0,33,9.144628,2386.5452,3.2702904,11255.227,132.88956,79670.72,62637.445,3,77,9.494689,6
140,10,899,65.24,4914.64,665.03265,0,29,8.783243,1495.5686,1.4779012,9386.401,109.215546,40704.926,29067.559,1,76,9.298493,6
137,1,730,57.59,3998.25,688.5274,0,21,8.658519,1622.8508,1.3835696,9728.179,100.69322,43477.266,33674.89,3,71,9.217249,6
126,4,771,60.3,4175.94,545.303,0,23,8.704502,2131.9805,1.225424,10446.46,111.21877,64514.39,52671.496,1,72,9.316669,6
194,3,1251,100.33,12035.97,1989.7588,0,33,9.2136345,2991.1372,2.2309012,14875.778,163.35019,129696.68,104053.94,3,78,9.701067,6
193,4,1005,90.23,9848.77,1724.5629,0,19,9.1075325,2259.2634,1.9810323,12640.354,144.72466,80494.94,60151.223,2,81,9.580003,6
219,4,1266,98.64,11995,2288.0303,1,28,9.196647,2163.8013,2.232585,11675.186,142.74445,72395.41,52544.883,3,82,9.566226,6
221,3,1290,113.4,14799.38,1959.4133,0,32,9.336092,2450.187,3.047854,13495.512,161.61655,92792,67345.555,3,82,9.690396,6
245,3,1555,136.36,20438.14,1862.7178,0,34,9.520469,3245.7017,2.9872644,18374.586,205.65918,159256.48,118142.2,3,85,9.931391,6
166,10,988,79.74,7524.5,1177.8104,0,31,8.983941,2100.1597,1.6653095,12676.781,141.74374,79364.96,59872.402,2,75,9.559191,6
186,8,1131,122.49,16281.67,1290.7776,0,27,9.413199,2259.2634,4.6503034,14843.634,172.85468,86570.63,57264.555,1,86,9.757622,6
146,3,1019,85.28,8097.94,833.59735,0,30,9.05111,2418.3665,2.1994934,11741.948,133.98842,80093.43,62768.223,1,81,9.502924,6
128,5,881,66.85,5261.19,800.27,1,26,8.807622,1145.542,2.1366463,9722.488,103.27256,31512.824,21058.178,4,79,9.242542,6
165,7,1499,111.34,13275.62,887.90356,0,41,9.317759,3500.2678,4.1822014,17086.771,184.39656,174376.73,141792.58,3,76,9.822259,6
156,10,1004,77.01,6815.87,894.2729,0,24,8.949105,2736.572,2.0439177,11974.408,137.11227,101411.39,83446.086,1,71,9.52597,6
144,6,1160,84.82,7820.46,632.3511,1,34,9.045702,2736.572,3.330619,12198.809,138.12566,98693.53,80419.02,1,75,9.533334,6
154,12,1155,95.02,9842.08,821.4944,0,36,9.159258,3022.9575,2.356607,13544.623,159.49828,123170.97,98718.46,1,77,9.677203,6
177,8,1662,98.48,10504.22,814.0503,2,42,9.195024,2291.084,4.150743,15897.888,162.50604,95863.54,70156.89,4,81,9.695886,6
158,5,958,87.38,8378.54,750.7835,0,32,9.075437,2195.622,2.264034,12027.086,138.55533,71847.08,53181.297,1,82,9.53644,6
102,4,836,62.26,4133.7,259.99237,1,35,8.736489,2227.4421,1.9166751,9960.616,106.96504,64211.41,53302.918,1,68,9.277672,6
182,5,1021,97.35,10584.31,1118.4717,0,30,9.183483,2609.2893,2.2954783,13719.511,155.3996,99979.42,76596.35,1,82,9.65117,6
139,10,1031,73.4,5958.9,577.11115,1,37,8.901094,1559.2101,1.948114,9953.74,116.028366,44182.637,31030.36,2,80,9.359005,6
128,1,844,71.2,5605.92,541.8988,0,28,8.870663,1877.4156,2.232585,11359.209,118.124855,56697.715,43175.996,3,74,9.376912,6
131,5,900,68.59,5067.91,366.99188,0,29,8.833317,1241.0038,1.7909975,10532.697,112.29632,38723.316,26376.613,5,77,9.326311,6
136,4,1017,84.38,7663.78,549.28845,0,36,9.040501,3595.7288,2.5136924,14759.1,153.90028,162407.56,140123.5,1,72,9.641475,6
178,10,1202,102.4,11410.82,934.40405,2,31,9.234056,2672.9312,2.0753715,14719.11,164.6672,109042.71,82754.97,3,83,9.709097,6
145,3,990,70.52,5600.82,634.0907,0,27,8.861067,1304.6447,2.5451162,9541.246,104.48867,32398.266,21697.355,4,77,9.254249,6
131,4,1098,76.44,6374.66,536.956,0,41,8.941676,2545.6484,1.8866967,11932.579,130.87793,89196.02,72794.94,1,71,9.479435,6
141,5,863,79.3,6859.12,576.3938,0,35,8.978408,2736.572,2.4194272,11996.478,132.27823,97326,80634.81,1,78,9.490078,6
118,10,831,73.06,5753.64,420.0771,1,34,8.896451,2959.3174,2.450848,10946.445,126.34152,107768.14,92733.29,1,69,9.444159,6
146,10,955,68.02,5331,711.3936,0,29,8.824972,1177.3625,2.2309012,9425.9,107.030174,32863.254,21624.035,4,79,9.278281,6
124,6,913,78.36,6648.8,513.6466,0,33,8.966484,2386.5452,3.016428,11889.567,130.0144,81394.97,65142.652,3,78,9.4728155,6
138,2,912,77.02,6765.52,841.85834,0,27,8.949235,2227.4421,3.5218256,10101.495,111.75717,63458.57,51483.742,1,72,9.321499,6
146,4,1057,87.12,8265.5,682.43005,0,39,9.072456,1877.4156,2.4212666,11247.217,129.14102,56606.676,40332.59,3,83,9.466075,6
136,5,1166,87,8375.3,814.44446,2,36,9.071078,2195.622,2.7356985,12297.088,133.60185,70904.97,53591.426,1,79,9.500034,6
180,10,912,95.51,10318.25,1208.1718,0,21,9.164401,2291.084,3.3935022,13163.818,148.16006,84514.7,63195.24,3,81,9.603463,6
154,9,1126,93.85,9966.83,1170.7146,0,33,9.146868,2768.3923,1.539633,14251.64,160.84953,116612.48,91656.46,3,81,9.685639,6
